{"train loss:": 84266.34428425063, "_timestamp": 1658373861, "_runtime": 2, "_step": 3, "validation loss:": 83068.38054784728, "_wandb": {"runtime": 7}}