{"train loss:": 84266.09545126367, "_timestamp": 1658376782, "_runtime": 3, "_step": 3, "validation loss:": 82999.73864963088, "_wandb": {"runtime": 7}}