{"train loss:": 741.5035284341078, "_timestamp": 1658460614, "_runtime": 26, "_step": 2000, "validation loss:": 1777.5050415615576, "output:": [136.29495239257812, 250.2971649169922, 122.23084259033203, 132.99755859375, 382.10235595703125, 225.09274291992188, 400.0321044921875, 488.2124938964844, 92.69304656982422, 92.11043548583984, 170.09664916992188, 502.96392822265625, 342.0585021972656, 391.6870422363281, 213.02476501464844, 160.35902404785156, 98.51494598388672, 131.1775360107422, 107.43795776367188, 207.97653198242188, 116.01830291748047, 171.59228515625, 93.23542022705078, 325.0733337402344, 305.0655517578125, 246.45166015625, 370.05877685546875, 457.9067687988281, 405.6683044433594, 91.90142822265625, 464.1790466308594, 321.4871826171875, 91.90960693359375, 467.3376159667969, 268.512939453125, 146.03392028808594, 249.3306121826172, 384.8238830566406, 433.4150390625, 108.81884002685547, 94.707275390625, 545.372802734375, 199.79025268554688, 106.11995697021484, 484.96624755859375, 541.89599609375, 227.79306030273438, 309.71270751953125, 93.26350402832031, 184.51998901367188, 295.83001708984375, 529.8392944335938, 104.09911346435547, 354.57659912109375, 362.2521667480469, 380.74615478515625, 165.02529907226562, 275.9642333984375, 409.9331970214844, 196.32952880859375, 523.0318603515625, 292.4235534667969, 168.62942504882812, 179.48861694335938, 298.11712646484375, 310.873779296875, 92.22740936279297, 222.44253540039062, 491.47052001953125, 293.5560607910156, 117.51521301269531, 159.69415283203125, 253.22161865234375, 367.4400939941406, 444.011962890625, 538.43359375, 198.05458068847656, 188.6858367919922, 190.36297607421875, 265.3791198730469, 98.47388458251953, 437.9297790527344, 344.5345153808594, 247.40765380859375, 121.75334930419922, 138.4841766357422, 102.56071472167969, 92.60616302490234, 109.69274139404297, 267.4639892578125, 371.37451171875, 509.5968322753906, 132.38563537597656, 543.6326904296875, 335.928466796875, 127.40838623046875, 137.36607360839844, 358.3992614746094, 156.9978485107422, 98.3897476196289], "label:": [134.0, 278.0, 108.0, 128.0, 391.0, 251.0, 404.0, 462.0, 25.0, 12.0, 185.0, 471.0, 360.0, 398.0, 237.0, 171.0, 46.0, 125.0, 78.0, 231.0, 96.0, 187.0, 33.0, 346.0, 329.0, 274.0, 382.0, 443.0, 408.0, 17.0, 447.0, 343.0, 20.0, 449.0, 296.0, 150.0, 277.0, 393.0, 427.0, 81.0, 38.0, 496.0, 221.0, 75.0, 460.0, 494.0, 254.0, 333.0, 34.0, 203.0, 321.0, 487.0, 71.0, 370.0, 376.0, 390.0, 178.0, 303.0, 411.0, 217.0, 483.0, 318.0, 183.0, 197.0, 323.0, 334.0, 14.0, 248.0, 464.0, 319.0, 99.0, 170.0, 281.0, 380.0, 434.0, 492.0, 219.0, 208.0, 210.0, 293.0, 47.0, 430.0, 362.0, 275.0, 107.0, 138.0, 68.0, 24.0, 83.0, 295.0, 383.0, 475.0, 127.0, 495.0, 355.0, 118.0, 136.0, 373.0, 166.0, 48.0], "coefficients": {"_type": "table-file", "sha256": "f476ce59592dd9ee4fc43395fc29577953285fd0c770ea87a20163f39b7827dd", "size": 2845, "artifact_path": "wandb-client-artifact://k4l6ldm2lt9nc6l2v30e7tl8k9rkwbffz94hcrhhvv6li5ptsasimb7kvk4723nha2k611oqnp4vq8fch74tczx1p2z10vy08tjpjlec785yogytqhfingzyabvns16w:latest/coefficients.table.json", "_latest_artifact_path": "wandb-client-artifact://k4l6ldm2lt9nc6l2v30e7tl8k9rkwbffz94hcrhhvv6li5ptsasimb7kvk4723nha2k611oqnp4vq8fch74tczx1p2z10vy08tjpjlec785yogytqhfingzyabvns16w:latest/coefficients.table.json", "path": "media/table/coefficients_2000_f476ce59592dd9ee4fc4.table.json", "ncols": 2, "nrows": 100}, "_wandb": {"runtime": 27}}