{"train loss:": 718.7114619074922, "_timestamp": 1658366154, "_runtime": 942, "_step": 2000, "validation loss:": 1457.7650517091472, "output:": [195.22019958496094, 32.21055603027344, 48.985511779785156, 115.5235366821289, 278.8362121582031, 201.5745849609375, 23.24460220336914, 179.0279083251953, 234.5157928466797, 334.5830078125, 438.06231689453125, 237.14414978027344, 220.02439880371094, 455.14276123046875, 169.4616241455078, 24.033967971801758, 314.69232177734375, 257.2275085449219, 320.1658020019531, 193.0653839111328, 185.4900665283203, 449.5096435546875, 407.06109619140625, 402.6775817871094, 390.3657531738281, 393.8806457519531, 400.91845703125, 45.80821228027344, 80.18888092041016, 28.941259384155273, 122.68772888183594, 61.33175277709961, 342.67950439453125, 182.24205017089844, 116.75334930419922, 218.0469970703125, 468.3965148925781, 438.88671875, 23.700910568237305, 145.37428283691406, 238.87301635742188, 340.8872375488281, 228.3092041015625, 161.8951416015625, 304.5359191894531, 386.8487243652344, 48.08868408203125, 324.684326171875, 205.75152587890625, 25.40713882446289, 417.5303955078125, 164.11451721191406, 134.0214080810547, 34.93671798706055, 204.70895385742188, 79.13479614257812, 296.9342346191406, 240.5436248779297, 403.5539245605469, 452.7385559082031, 455.9389953613281, 86.50291442871094, 458.3205871582031, 448.69671630859375, 295.0199279785156, 82.09757232666016, 119.16360473632812, 323.7822265625, 302.6496887207031, 354.2806091308594, 301.7012634277344, 382.4463806152344, 235.39599609375, 194.14259338378906, 40.29360580444336, 44.459922790527344, 294.0619201660156, 353.3898620605469, 406.184814453125, 332.7806091308594, 469.1512451171875, 379.82635498046875, 30.044694900512695, 68.99457550048828, 466.8812255859375, 222.89599609375, 149.65133666992188, 250.25399780273438, 45.15346145629883, 120.34489440917969, 136.6829833984375, 429.6662902832031, 76.82503509521484, 369.3149719238281, 143.51129150390625, 404.4308776855469, 414.91497802734375, 152.96200561523438, 251.9399871826172, 173.7088165283203], "label:": [183.0, 18.0, 44.0, 107.0, 275.0, 189.0, 0.0, 168.0, 223.0, 335.0, 453.0, 226.0, 207.0, 474.0, 159.0, 3.0, 313.0, 251.0, 319.0, 181.0, 174.0, 467.0, 417.0, 412.0, 398.0, 402.0, 410.0, 40.0, 76.0, 12.0, 113.0, 59.0, 344.0, 171.0, 108.0, 205.0, 491.0, 454.0, 2.0, 137.0, 228.0, 342.0, 216.0, 152.0, 302.0, 394.0, 43.0, 324.0, 193.0, 6.0, 429.0, 154.0, 124.0, 23.0, 192.0, 75.0, 294.0, 230.0, 413.0, 471.0, 475.0, 83.0, 478.0, 466.0, 292.0, 78.0, 110.0, 323.0, 300.0, 357.0, 299.0, 389.0, 224.0, 182.0, 32.0, 38.0, 291.0, 356.0, 416.0, 333.0, 492.0, 386.0, 14.0, 66.0, 489.0, 210.0, 141.0, 243.0, 39.0, 111.0, 127.0, 443.0, 73.0, 374.0, 135.0, 414.0, 426.0, 144.0, 245.0, 163.0], "coefficients": {"_type": "table-file", "sha256": "dce2bd1b0aca356ef9dd823b35eb0d33f6aa57c99acc4d996f617d52d383b9ca", "size": 2836, "artifact_path": "wandb-client-artifact://h4m83olpuklb3c8h8eflyqbjr2cdofl1zp4u2xwpg5wk7e4hyh723wiqwrilsgg9ls98c9ufit9oiwa1au51zdayg010pwpnv8ooynbr2xdw4pny4zzg640qcdi64px3:latest/coefficients.table.json", "_latest_artifact_path": "wandb-client-artifact://h4m83olpuklb3c8h8eflyqbjr2cdofl1zp4u2xwpg5wk7e4hyh723wiqwrilsgg9ls98c9ufit9oiwa1au51zdayg010pwpnv8ooynbr2xdw4pny4zzg640qcdi64px3:latest/coefficients.table.json", "path": "media/table/coefficients_2000_dce2bd1b0aca356ef9dd.table.json", "ncols": 2, "nrows": 100}, "_wandb": {"runtime": 945}}