{"train loss:": 84259.67935815129, "_timestamp": 1658373466, "_runtime": 4, "_step": 3, "validation loss:": 82989.88790911502, "_wandb": {"runtime": 7}}