{"train loss:": 321.7076618716971, "_timestamp": 1658363454, "_runtime": 938, "_step": 2000, "validation loss:": 1450.660483897947, "output:": [46.04688262939453, 40.29533767700195, 194.31246948242188, 449.8344421386719, 255.2239532470703, 240.47140502929688, 186.63067626953125, 66.30030059814453, 321.2191467285156, 291.95025634765625, 449.14019775390625, 20.867027282714844, 320.3276672363281, 261.2824401855469, 205.140380859375, 124.74725341796875, 195.29312133789062, 121.66813659667969, 403.984130859375, 339.2232360839844, 70.92259979248047, 19.915674209594727, 377.8913879394531, 405.84326171875, 88.69438171386719, 33.58625030517578, 80.94408416748047, 299.77984619140625, 20.42913055419922, 181.0911102294922, 316.74407958984375, 22.353252410888672, 415.2138366699219, 222.1471405029297, 19.713823318481445, 22.96297264099121, 440.65692138671875, 242.4802703857422, 311.3424987792969, 119.65921783447266, 219.16485595703125, 337.40814208984375, 402.1278381347656, 168.2642822265625, 454.6986389160156, 431.13458251953125, 294.5528869628906, 153.78338623046875, 136.8340301513672, 176.46974182128906, 217.17333984375, 389.0903015136719, 159.15863037109375, 151.50607299804688, 457.4888610839844, 236.3756561279297, 392.8153991699219, 467.0097351074219, 329.2820739746094, 256.94708251953125, 172.7694091796875, 183.8484344482422, 292.81793212890625, 122.67896270751953, 380.69757080078125, 298.904541015625, 41.81346893310547, 228.2017059326172, 193.3347625732422, 400.2693786621094, 157.01502990722656, 85.65792083740234, 84.11610412597656, 96.3702163696289, 238.42544555664062, 278.39263916015625, 46.80671691894531, 235.35498046875, 301.53753662109375, 166.47813415527344, 140.8087921142578, 439.85943603515625, 418.04339599609375, 201.206787109375, 118.65753936767578, 204.15562438964844, 406.7727966308594, 385.36383056640625, 452.6113586425781, 366.6810607910156, 43.50495147705078, 19.809755325317383, 466.3440856933594, 331.08026123046875, 455.3950500488281, 403.05657958984375, 465.00823974609375, 350.9844970703125, 20.35049819946289, 350.0817565917969], "label:": [43.0, 38.0, 182.0, 467.0, 243.0, 228.0, 174.0, 59.0, 324.0, 291.0, 466.0, 2.0, 323.0, 251.0, 193.0, 113.0, 183.0, 110.0, 414.0, 344.0, 66.0, 6.0, 386.0, 416.0, 78.0, 32.0, 73.0, 300.0, 3.0, 168.0, 319.0, 23.0, 426.0, 210.0, 12.0, 0.0, 454.0, 230.0, 313.0, 108.0, 207.0, 342.0, 412.0, 154.0, 474.0, 443.0, 294.0, 137.0, 124.0, 163.0, 205.0, 398.0, 144.0, 135.0, 478.0, 224.0, 402.0, 492.0, 333.0, 245.0, 159.0, 171.0, 292.0, 111.0, 389.0, 299.0, 39.0, 216.0, 181.0, 410.0, 141.0, 76.0, 75.0, 83.0, 226.0, 275.0, 44.0, 223.0, 302.0, 152.0, 127.0, 453.0, 429.0, 189.0, 107.0, 192.0, 417.0, 394.0, 471.0, 374.0, 40.0, 14.0, 491.0, 335.0, 475.0, 413.0, 489.0, 357.0, 18.0, 356.0], "coefficients": {"_type": "table-file", "sha256": "f48e2d391fe99806ffde16504febf3b0e8022661086ced87f59d266f744f556e", "size": 2853, "artifact_path": "wandb-client-artifact://11h2mgp6ob7006ud3bax425xeurcwlbqu2qkl9ddjbs3caty7y3qd8w1uq5thx0xdsidjq8mcmf1esgxc0in8waomwf79rm5y7eb5xtyjqj1o7qdo1lym6lylnslys5t:latest/coefficients.table.json", "_latest_artifact_path": "wandb-client-artifact://11h2mgp6ob7006ud3bax425xeurcwlbqu2qkl9ddjbs3caty7y3qd8w1uq5thx0xdsidjq8mcmf1esgxc0in8waomwf79rm5y7eb5xtyjqj1o7qdo1lym6lylnslys5t:latest/coefficients.table.json", "path": "media/table/coefficients_2000_f48e2d391fe99806ffde.table.json", "ncols": 2, "nrows": 100}, "_wandb": {"runtime": 941}}