{"train loss:": 727.8149413044122, "_timestamp": 1658217562, "_runtime": 22, "_step": 2000, "validation loss:": 1275.144181072318, "output:": [36.887481689453125, 344.4676208496094, 199.19873046875, 312.7940979003906, 88.61767578125, 141.07379150390625, 263.17730712890625, 167.14376831054688, 50.61458969116211, 188.97190856933594, 66.32307434082031, 455.8414001464844, 305.276123046875, 412.0747985839844, 82.84272766113281, 415.0809631347656, 122.31803131103516, 255.45155334472656, 302.4526062011719, 224.5797882080078, 226.7927703857422, 36.80490493774414, 229.9047088623047, 210.7502899169922, 364.31005859375, 246.253662109375, 449.6407775878906, 85.33087158203125, 172.47213745117188, 53.82813262939453, 414.33758544921875, 421.6867370605469, 303.39471435546875, 380.4396667480469, 138.6774139404297, 196.8955535888672, 149.42361450195312, 453.7289733886719, 243.92578125, 41.7563362121582, 461.8998718261719, 393.2191467285156, 73.92731475830078, 147.53408813476562, 411.31829833984375, 412.8293762207031, 329.0473937988281, 86.5313491821289, 409.7971496582031, 245.1251220703125, 34.10369110107422, 241.85496520996094, 185.6240997314453, 36.0277099609375, 51.66253662109375, 286.96685791015625, 423.8877868652344, 323.2472229003906, 242.5863037109375, 47.29684829711914, 153.504150390625, 365.2469482421875, 206.14112854003906, 433.8518981933594, 397.31866455078125, 390.7185974121094, 309.9698486328125, 182.2208709716797, 128.38497924804688, 332.89801025390625, 257.3775939941406, 454.2726135253906, 235.78009033203125, 462.3047790527344, 92.75728607177734, 400.5212097167969, 176.7826385498047, 209.5933837890625, 452.0335693359375, 310.9095153808594, 403.65045166015625, 124.85935974121094, 53.08361053466797, 198.0471954345703, 342.5523376464844, 353.015625, 351.12176513671875, 38.76612091064453, 34.02442169189453, 164.96820068359375, 126.0596923828125, 51.20390319824219, 441.3096008300781, 33.92033004760742, 461.0615234375, 156.58602905273438, 333.86474609375, 449.031494140625, 121.01331329345703, 440.6414489746094], "label:": [14.0, 335.0, 183.0, 302.0, 78.0, 127.0, 251.0, 154.0, 38.0, 174.0, 59.0, 478.0, 294.0, 413.0, 73.0, 417.0, 108.0, 243.0, 291.0, 205.0, 207.0, 0.0, 210.0, 193.0, 356.0, 230.0, 467.0, 75.0, 159.0, 44.0, 416.0, 426.0, 292.0, 374.0, 124.0, 181.0, 137.0, 474.0, 226.0, 23.0, 491.0, 389.0, 66.0, 135.0, 412.0, 414.0, 319.0, 76.0, 410.0, 228.0, 2.0, 223.0, 171.0, 12.0, 40.0, 275.0, 429.0, 313.0, 224.0, 32.0, 141.0, 357.0, 189.0, 443.0, 394.0, 386.0, 299.0, 168.0, 113.0, 323.0, 245.0, 475.0, 216.0, 492.0, 83.0, 398.0, 163.0, 192.0, 471.0, 300.0, 402.0, 110.0, 43.0, 182.0, 333.0, 344.0, 342.0, 18.0, 6.0, 152.0, 111.0, 39.0, 454.0, 3.0, 489.0, 144.0, 324.0, 466.0, 107.0, 453.0], "coefficinets": {"_type": "table-file", "sha256": "43a70b54dbea32c68738e8b8e429adfd8bf178cdc83778c6adc9c2ff2f0583bb", "size": 2818, "artifact_path": "wandb-client-artifact://xba9si6jsrk32gzet60zumziv7rncw4ntxgjzcrfb8pvjqaeqceyi2lwfzqkb1rbps00moa4n4aa1fz62wcccpznbtuzgt2nb70a01mzh1z096aa4ijdy3l86z5yrw9i:latest/coefficinets.table.json", "_latest_artifact_path": "wandb-client-artifact://xba9si6jsrk32gzet60zumziv7rncw4ntxgjzcrfb8pvjqaeqceyi2lwfzqkb1rbps00moa4n4aa1fz62wcccpznbtuzgt2nb70a01mzh1z096aa4ijdy3l86z5yrw9i:latest/coefficinets.table.json", "path": "media/table/coefficinets_2000_43a70b54dbea32c68738.table.json", "ncols": 2, "nrows": 100}, "_wandb": {"runtime": 25}}