{"train loss:": 84282.00232378904, "_timestamp": 1658377109, "_runtime": 2, "_step": 3, "validation loss:": 83066.49085120845, "_wandb": {"runtime": 7}}