{"train loss:": 539.0044787879575, "_timestamp": 1658359625, "_runtime": 656, "_step": 2000, "validation loss:": 9722.557574521918, "output:": [137.23849487304688, 261.0839538574219, 346.4049072265625, 281.52130126953125, 143.21458435058594, 227.22171020507812, 219.2251434326172, 390.0882568359375, 287.8534240722656, 142.91107177734375, 313.716796875, 161.79364013671875, 192.40420532226562, 336.1048889160156, 328.59912109375, 149.40013122558594, 157.73818969726562, 303.0585021972656, 379.9194030761719, 340.5844421386719, 170.67059326171875, 282.161376953125, 141.83900451660156, 204.65005493164062, 174.89137268066406, 373.7995910644531, 374.48480224609375, 144.21533203125, 293.5401916503906, 174.2739715576172, 390.6757507324219, 262.9419860839844, 182.16029357910156, 275.06256103515625, 323.01031494140625, 180.759765625, 205.22900390625, 144.21533203125, 365.3813171386719, 144.26080322265625, 215.47950744628906, 364.67218017578125, 224.00631713867188, 225.11781311035156, 141.6125030517578, 144.21533203125, 194.1348876953125, 381.9297180175781, 278.9430847167969, 175.95303344726562, 236.93740844726562, 388.89617919921875, 185.5218505859375, 139.58602905273438, 144.21533203125, 139.56216430664062, 338.6519470214844, 190.72817993164062, 266.73529052734375, 142.36427307128906, 144.21533203125, 188.0001220703125, 176.78639221191406, 338.012451171875, 339.93927001953125, 198.7932891845703, 143.7032470703125, 144.21533203125, 144.09640502929688, 202.91989135742188, 266.0943603515625, 144.21533203125, 168.88987731933594, 160.53375244140625, 226.1995849609375, 251.15231323242188, 213.60858154296875, 348.3525085449219, 337.37518310546875, 302.4273681640625, 159.82730102539062, 212.35546875, 145.92657470703125, 326.1058654785156, 377.2142639160156, 234.2678985595703, 138.94827270507812, 261.70391845703125, 289.1041564941406, 199.38705444335938, 331.0910339355469, 294.81866455078125, 198.2014923095703, 233.37783813476562, 268.0115661621094, 321.1561279296875, 379.2462158203125, 158.42727661132812, 357.6964416503906, 223.4340057373047], "label:": [66.0, 291.0, 426.0, 323.0, 75.0, 230.0, 216.0, 491.0, 333.0, 38.0, 374.0, 113.0, 171.0, 410.0, 398.0, 83.0, 107.0, 357.0, 475.0, 417.0, 127.0, 324.0, 40.0, 192.0, 137.0, 466.0, 467.0, 14.0, 342.0, 135.0, 492.0, 294.0, 154.0, 313.0, 389.0, 152.0, 193.0, 3.0, 454.0, 23.0, 210.0, 453.0, 224.0, 226.0, 73.0, 12.0, 174.0, 478.0, 319.0, 141.0, 251.0, 489.0, 159.0, 59.0, 2.0, 43.0, 414.0, 168.0, 300.0, 39.0, 6.0, 163.0, 144.0, 413.0, 416.0, 182.0, 32.0, 0.0, 76.0, 189.0, 299.0, 18.0, 124.0, 111.0, 228.0, 275.0, 207.0, 429.0, 412.0, 356.0, 110.0, 205.0, 78.0, 394.0, 471.0, 245.0, 44.0, 292.0, 335.0, 183.0, 402.0, 344.0, 181.0, 243.0, 302.0, 386.0, 474.0, 108.0, 443.0, 223.0], "coefficients": {"_type": "table-file", "sha256": "5c6f67b0e75e62b755e714548df9b9cbf49188d2f33daf17e25d2b3b5e72ecc0", "size": 2837, "artifact_path": "wandb-client-artifact://gor9a90ymsbp2iucubhm9fbe44bs5lggv8eaqj38qagqzsm7hu8btn8hpwb56jg23ei85gie3st4vsj161vwrnyerbo9p1pu22dq0tg9eewtpjfit225rz122f254pgx:latest/coefficients.table.json", "_latest_artifact_path": "wandb-client-artifact://gor9a90ymsbp2iucubhm9fbe44bs5lggv8eaqj38qagqzsm7hu8btn8hpwb56jg23ei85gie3st4vsj161vwrnyerbo9p1pu22dq0tg9eewtpjfit225rz122f254pgx:latest/coefficients.table.json", "path": "media/table/coefficients_2000_5c6f67b0e75e62b755e7.table.json", "ncols": 2, "nrows": 100}, "_wandb": {"runtime": 658}}