{"train loss:": 68123.1235586772, "_timestamp": 1658457133, "_runtime": 3, "_step": 103, "validation loss:": 57254.73748392513}