{"train loss:": 84245.36690024553, "_timestamp": 1658375695, "_runtime": 1, "_step": 3, "validation loss:": 83027.51146578121, "_wandb": {"runtime": 7}}