{"train loss:": 15249.410797852748, "_timestamp": 1658350668, "_runtime": 102, "_step": 21, "validation loss:": 15094.057190738687}