{"train loss:": 84297.29954043281, "_timestamp": 1658373898, "_runtime": 2, "_step": 3, "validation loss:": 83034.02641463697, "_wandb": {"runtime": 7}}