{"train loss:": 84223.11742534749, "_timestamp": 1658376026, "_runtime": 2, "_step": 3, "validation loss:": 82977.84314609977, "_wandb": {"runtime": 7}}