{"train loss:": 84233.77462639405, "_timestamp": 1658377159, "_runtime": 2, "_step": 3, "validation loss:": 82977.28799044596}