{"train loss:": 378.3394872854115, "_timestamp": 1658354356, "_runtime": 928, "_step": 2000, "validation loss:": 1600.9868750338596, "output:": [410.5416259765625, 134.18472290039062, 321.9854431152344, 360.9548034667969, 388.1969909667969, 460.8395690917969, 42.19468688964844, 375.71502685546875, 397.6266784667969, 122.53453063964844, 401.3232421875, 181.24505615234375, 300.3970947265625, 153.26280212402344, 72.52950286865234, 461.26568603515625, 137.3048858642578, 279.4814453125, 237.32933044433594, 426.0454406738281, 34.96819305419922, 344.0396728515625, 413.30035400390625, 395.7770080566406, 155.74169921875, 328.98236083984375, 310.1481628417969, 120.12042236328125, 459.9591979980469, 287.8704528808594, 140.18243408203125, 131.8730926513672, 449.1859130859375, 265.2762451171875, 282.24456787109375, 143.5703887939453, 191.01983642578125, 219.4591827392578, 27.58023452758789, 62.62288284301758, 27.627389907836914, 331.0080871582031, 44.352195739746094, 43.894859313964844, 167.2441864013672, 55.30803298950195, 451.277099609375, 236.06117248535156, 280.4020690917969, 235.32574462890625, 189.81861877441406, 243.68991088867188, 399.4722900390625, 286.90997314453125, 83.80852508544922, 446.23187255859375, 30.28812599182129, 202.63880920410156, 398.551025390625, 34.44698715209961, 384.3796691894531, 217.2621307373047, 380.5449523925781, 40.297576904296875, 41.85519027709961, 177.54534912109375, 136.8473358154297, 118.80061340332031, 76.2471694946289, 192.2067108154297, 114.43926239013672, 451.9567565917969, 199.1749267578125, 289.7908020019531, 245.98399353027344, 239.19668579101562, 29.268600463867188, 311.1321716308594, 42.609275817871094, 372.7972717285156, 320.00982666015625, 435.55841064453125, 75.03797149658203, 222.68637084960938, 228.85227966308594, 162.02932739257812, 28.1296443939209, 243.09490966796875, 434.6997375488281, 453.9155578613281, 445.46710205078125, 78.64585876464844, 173.75704956054688, 343.04541015625, 115.9113998413086, 306.214111328125, 203.7945098876953, 32.301490783691406, 402.2510986328125, 238.35963439941406], "label:": [426.0, 127.0, 335.0, 374.0, 402.0, 491.0, 39.0, 389.0, 412.0, 113.0, 416.0, 174.0, 313.0, 152.0, 73.0, 492.0, 137.0, 291.0, 226.0, 443.0, 23.0, 357.0, 429.0, 410.0, 154.0, 342.0, 323.0, 111.0, 489.0, 300.0, 141.0, 124.0, 471.0, 275.0, 294.0, 144.0, 182.0, 207.0, 6.0, 66.0, 3.0, 344.0, 44.0, 43.0, 163.0, 59.0, 474.0, 224.0, 292.0, 223.0, 181.0, 245.0, 414.0, 299.0, 83.0, 467.0, 14.0, 192.0, 413.0, 0.0, 398.0, 205.0, 394.0, 32.0, 38.0, 171.0, 135.0, 110.0, 76.0, 183.0, 107.0, 475.0, 189.0, 302.0, 251.0, 230.0, 12.0, 324.0, 40.0, 386.0, 333.0, 454.0, 75.0, 210.0, 216.0, 159.0, 2.0, 243.0, 453.0, 478.0, 466.0, 78.0, 168.0, 356.0, 108.0, 319.0, 193.0, 18.0, 417.0, 228.0], "r_two": {"_type": "table-file", "sha256": "ff5be2e42ea96ec008d08f76f936861ecd3e72a2775863a2178d76e992cf0acb", "size": 2849, "artifact_path": "wandb-client-artifact://p2usto7p2scvdwiykg1li4k5vd7v5ha8w5owb5vyn9q3fobztoxvf3vz24vpaz3683kx9wez29f2vyge5lvxxsgy5ohqvjpdxvcg1ug14znr1orluxunv4ome3b2rsly:latest/r_two.table.json", "_latest_artifact_path": "wandb-client-artifact://p2usto7p2scvdwiykg1li4k5vd7v5ha8w5owb5vyn9q3fobztoxvf3vz24vpaz3683kx9wez29f2vyge5lvxxsgy5ohqvjpdxvcg1ug14znr1orluxunv4ome3b2rsly:latest/r_two.table.json", "path": "media/table/r_two_2000_ff5be2e42ea96ec008d0.table.json", "ncols": 2, "nrows": 100}, "_wandb": {"runtime": 931}}