{"train loss:": 84177.77612853669, "_timestamp": 1658376220, "_runtime": 2, "_step": 3, "validation loss:": 82935.4806865742, "_wandb": {"runtime": 7}}