{"train loss:": 657.329117753893, "_timestamp": 1658362415, "_runtime": 34, "_step": 1413, "validation loss:": 1635.1921622064876}