{"train loss:": 37842.90849549301, "_timestamp": 1657056442, "_runtime": 244, "_step": 141, "validation loss:": 112028.1151537945}