{"train loss:": 84262.13568631293, "_timestamp": 1658377144, "_runtime": 2, "_step": 3, "validation loss:": 82988.2449554222, "_wandb": {"runtime": 7}}