{"train loss:": 84282.99587537526, "_timestamp": 1658377243, "_runtime": 2, "_step": 3, "validation loss:": 82997.78490787807, "_wandb": {"runtime": 7}}