{"train loss:": 84311.68746979152, "_timestamp": 1658373933, "_runtime": 2, "_step": 3, "validation loss:": 83060.86345703517, "_wandb": {"runtime": 7}}