{"train loss:": 32214.11570966458, "_timestamp": 1657132904, "_runtime": 62131, "_step": 821, "validation loss:": 932128.4977864362}