{"train loss:": 84267.7554334189, "_timestamp": 1658375031, "_runtime": 2, "_step": 3, "validation loss:": 83040.16978074497, "_wandb": {"runtime": 7}}