{"train loss:": 84266.65871904414, "_timestamp": 1658375783, "_runtime": 2, "_step": 3, "validation loss:": 83064.8483979875, "_wandb": {"runtime": 7}}