{"train loss:": 218.5365833787068, "_timestamp": 1658358678, "_runtime": 927, "_step": 2000, "validation loss:": 1682.6713457723909, "output:": [427.313720703125, 195.08106994628906, 85.65097045898438, 350.340576171875, 296.8074645996094, 231.04962158203125, 67.63423156738281, 230.2580108642578, 148.7087860107422, 435.10498046875, 329.50201416015625, 57.534908294677734, 416.3273010253906, 389.00372314453125, 47.01725387573242, 337.9926452636719, 68.36174011230469, 40.78919982910156, 179.98941040039062, 217.92703247070312, 464.4389343261719, 446.0574951171875, 58.70653533935547, 201.16912841796875, 194.06365966796875, 405.60540771484375, 403.8053283691406, 127.64056396484375, 366.4683532714844, 314.5259094238281, 327.6233215332031, 125.01519012451172, 449.1852722167969, 62.21110153198242, 163.75680541992188, 401.9916076660156, 452.3150939941406, 64.1143798828125, 406.48760986328125, 253.20553588867188, 392.71405029296875, 165.76036071777344, 445.2756042480469, 318.2515563964844, 93.546142578125, 454.639892578125, 380.6529541015625, 465.18292236328125, 36.01382827758789, 170.74790954589844, 95.26311492919922, 451.5364685058594, 400.1392822265625, 137.35508728027344, 298.66961669921875, 462.94915771484375, 90.97688293457031, 99.17913818359375, 232.63916015625, 385.2964782714844, 247.8749542236328, 183.05970764160156, 295.8797302246094, 38.20657730102539, 402.90289306640625, 36.4957275390625, 246.1543426513672, 288.4909973144531, 235.73606872558594, 234.19528198242188, 79.0176773071289, 140.0561981201172, 174.8148193359375, 220.24887084960938, 224.86456298828125, 377.85931396484375, 205.22048950195312, 413.9767150878906, 125.8434829711914, 336.09783935546875, 216.37384033203125, 289.4107360839844, 319.18585205078125, 435.88397216796875, 63.092926025390625, 92.69841003417969, 349.39251708984375, 193.05052185058594, 204.2076416015625, 291.2500305175781, 122.483154296875, 123.40454864501953, 39.61282730102539, 155.53091430664062, 273.9071350097656, 308.95001220703125, 152.48342895507812, 35.83488464355469, 147.00465393066406, 186.04562377929688], "label:": [443.0, 183.0, 66.0, 357.0, 300.0, 224.0, 43.0, 223.0, 137.0, 453.0, 335.0, 0.0, 429.0, 398.0, 23.0, 344.0, 44.0, 2.0, 168.0, 207.0, 491.0, 467.0, 32.0, 189.0, 182.0, 416.0, 414.0, 113.0, 374.0, 319.0, 333.0, 110.0, 471.0, 38.0, 152.0, 412.0, 475.0, 40.0, 417.0, 251.0, 402.0, 154.0, 466.0, 323.0, 76.0, 478.0, 389.0, 492.0, 6.0, 159.0, 78.0, 474.0, 410.0, 124.0, 302.0, 489.0, 73.0, 83.0, 226.0, 394.0, 245.0, 171.0, 299.0, 3.0, 413.0, 14.0, 243.0, 291.0, 230.0, 228.0, 59.0, 127.0, 163.0, 210.0, 216.0, 386.0, 193.0, 426.0, 111.0, 342.0, 205.0, 292.0, 324.0, 454.0, 39.0, 75.0, 356.0, 181.0, 192.0, 294.0, 107.0, 108.0, 18.0, 144.0, 275.0, 313.0, 141.0, 12.0, 135.0, 174.0], "coefficients": {"_type": "table-file", "sha256": "f003c3760b2de144b718f558fc383ea1fb6b92043091fdf69f1763eb9e457a8a", "size": 2853, "artifact_path": "wandb-client-artifact://azw3wsizq3mg27v2gdqukyr0gn5gwwc28j2erulgvowqaiaby0dbvlo4u0xj9mqfj3wok4ruw49jzdou20guvrnm5f7s7qf6c3a50qti4q6j52x1z94ned4ce9ky5s9f:latest/coefficients.table.json", "_latest_artifact_path": "wandb-client-artifact://azw3wsizq3mg27v2gdqukyr0gn5gwwc28j2erulgvowqaiaby0dbvlo4u0xj9mqfj3wok4ruw49jzdou20guvrnm5f7s7qf6c3a50qti4q6j52x1z94ned4ce9ky5s9f:latest/coefficients.table.json", "path": "media/table/coefficients_2000_f003c3760b2de144b718.table.json", "ncols": 2, "nrows": 100}, "_wandb": {"runtime": 930}}