{"train loss:": 34407.32118977303, "_timestamp": 1657056700, "_runtime": 241, "_step": 137, "validation loss:": 70189.53516735435}