{"train loss:": 1813.4588128740288, "_timestamp": 1658365172, "_runtime": 939, "_step": 2000, "validation loss:": 2163.262036051738, "output:": [220.80104064941406, 180.3206787109375, 462.0851135253906, 324.0721435546875, 355.7484436035156, 162.34474182128906, 257.5555419921875, 408.9762268066406, 459.7210998535156, 410.8603820800781, 63.70914077758789, 55.45669937133789, 332.10577392578125, 372.46636962890625, 407.100341796875, 57.12234115600586, 218.8551788330078, 354.7626037597656, 296.9192199707031, 194.04598999023438, 293.98431396484375, 399.5520324707031, 205.3502197265625, 319.7122497558594, 125.66422271728516, 55.972862243652344, 154.76959228515625, 63.87559509277344, 87.11380767822266, 301.838623046875, 314.5033874511719, 127.87055969238281, 191.7152099609375, 251.27871704101562, 447.3514099121094, 168.4893341064453, 456.6807861328125, 304.7974853515625, 89.55091094970703, 192.8856201171875, 395.7305603027344, 457.30084228515625, 409.91778564453125, 334.0157165527344, 424.722900390625, 122.44084930419922, 80.05480194091797, 55.28703689575195, 235.14028930664062, 302.8251953125, 149.565185546875, 142.1207733154297, 252.8477020263672, 177.1238250732422, 461.4980773925781, 90.74052429199219, 151.3269500732422, 183.6581573486328, 391.89166259765625, 121.39444732666016, 446.4471435546875, 139.34083557128906, 172.14938354492188, 340.9329528808594, 412.742431640625, 63.548030853271484, 124.5915298461914, 204.23854064941406, 241.01174926757812, 54.993587493896484, 278.6470642089844, 229.4108123779297, 422.00958251953125, 323.19879150390625, 200.90328979492188, 470.9742431640625, 156.84580993652344, 64.70953369140625, 463.8226623535156, 235.9622802734375, 469.8681945800781, 413.6821594238281, 471.5316467285156, 384.1407470703125, 93.17369842529297, 223.7653350830078, 98.31696319580078, 76.85015106201172, 342.91314697265625, 237.63858032226562, 387.0374755859375, 61.0986328125, 163.98941040039062, 55.25273513793945, 437.3213195800781, 65.05194091796875, 56.42860412597656, 239.32113647460938, 294.962646484375, 55.534934997558594], "label:": [207.0, 171.0, 475.0, 324.0, 357.0, 152.0, 251.0, 412.0, 471.0, 414.0, 39.0, 14.0, 333.0, 374.0, 410.0, 23.0, 205.0, 356.0, 294.0, 183.0, 291.0, 402.0, 193.0, 319.0, 111.0, 18.0, 141.0, 40.0, 73.0, 299.0, 313.0, 113.0, 181.0, 243.0, 454.0, 159.0, 466.0, 302.0, 75.0, 182.0, 398.0, 467.0, 413.0, 335.0, 429.0, 108.0, 66.0, 3.0, 223.0, 300.0, 135.0, 127.0, 245.0, 168.0, 474.0, 76.0, 137.0, 174.0, 394.0, 107.0, 453.0, 124.0, 163.0, 342.0, 416.0, 38.0, 110.0, 192.0, 230.0, 6.0, 275.0, 216.0, 426.0, 323.0, 189.0, 491.0, 144.0, 43.0, 478.0, 224.0, 489.0, 417.0, 492.0, 386.0, 78.0, 210.0, 83.0, 59.0, 344.0, 226.0, 389.0, 32.0, 154.0, 12.0, 443.0, 44.0, 0.0, 228.0, 292.0, 2.0], "coefficients": {"_type": "table-file", "sha256": "1c633b3623d4549a18e00cccf52eecc12709ec33453753bfc526875e8e3c8c70", "size": 2842, "artifact_path": "wandb-client-artifact://d91czmrkhv4ss8z3k9lldrx2rqt9nf97m9kccpbztbb2wvsfn8unkwi7s7g3l0s00wpbvxnw4k9a9a1qaz20whlw6ne4m46xnt00gw927a5eod471a6h511op8cncdvu:latest/coefficients.table.json", "_latest_artifact_path": "wandb-client-artifact://d91czmrkhv4ss8z3k9lldrx2rqt9nf97m9kccpbztbb2wvsfn8unkwi7s7g3l0s00wpbvxnw4k9a9a1qaz20whlw6ne4m46xnt00gw927a5eod471a6h511op8cncdvu:latest/coefficients.table.json", "path": "media/table/coefficients_2000_1c633b3623d4549a18e0.table.json", "ncols": 2, "nrows": 100}, "_wandb": {"runtime": 941}}