{"train loss:": 28961.792452471753, "_timestamp": 1658216626, "_runtime": 10, "_step": 229, "validation loss:": 194352.23183411657}