{"train loss:": 16737.7468626948, "_timestamp": 1658460127, "_runtime": 5, "_step": 181, "validation loss:": 41687.70295973615}