{"train loss:": 84309.75582447926, "_timestamp": 1658374178, "_runtime": 2, "_step": 3, "validation loss:": 83066.37487070054, "_wandb": {"runtime": 6}}