{"train loss:": 326645.4685564648, "_timestamp": 1658182081, "_runtime": 4, "_step": 9, "validation loss:": 333645.0431154438}