{"train loss:": 15252.248879924058, "_timestamp": 1658217604, "_runtime": 9, "_step": 1, "validation loss:": 15384.574887298859}