{"train loss:": 84315.26645243033, "_timestamp": 1658375067, "_runtime": 2, "_step": 3, "validation loss:": 83067.5011973684, "_wandb": {"runtime": 7}}