{"train loss:": 84250.94716808788, "_timestamp": 1658375011, "_runtime": 2, "_step": 3, "validation loss:": 83013.23554346147, "_wandb": {"runtime": 6}}