{"train loss:": 27219.934503572727, "_timestamp": 1658354674, "_runtime": 86, "_step": 200, "validation loss:": 46507.038026501956, "output:": [161.68588256835938, 41.14707946777344, 194.9109344482422, 169.70895385742188, 112.2889633178711, 74.09466552734375, 68.94513702392578, 54.5479736328125, 287.233642578125, 124.18958282470703, 3.4683785438537598, 3.4683785438537598, 8.537101745605469, 3.4683785438537598, 316.68377685546875, 3.4542248249053955, 7.238484859466553, 74.83470153808594, 80.06057739257812, 186.69290161132812, 264.5212707519531, 122.60279083251953, 163.2887420654297, 246.0297088623047, 128.96836853027344, 75.57555389404297, 58.12504959106445, 239.30706787109375, 33.918128967285156, 327.62701416015625, 96.45284271240234, 261.1576843261719, 94.08201599121094, 252.75262451171875, 295.6460266113281, 241.8279571533203, 3.4683785438537598, 7.666950225830078, 183.43675231933594, 261.9984436035156, 167.2990264892578, 109.117431640625, 328.46881103515625, 3.432459592819214, 42.53071212768555, 53.12101364135742, 214.1132049560547, 6.401427268981934, 168.10194396972656, 23.73630714416504, 313.3169860839844, 306.5843200683594, 314.1586608886719, 10.76235580444336, 60.992923736572266, 35.783512115478516, 325.94342041015625, 296.4873046875, 262.8393249511719, 187.5095672607422, 110.70301818847656, 3.4683785438537598, 310.79217529296875, 160.8847198486328, 229.2259521484375, 3.4683785438537598, 204.06466674804688, 83.10588836669922, 92.50431060791016, 214.95233154296875, 64.58776092529297, 3.4553475379943848, 265.3623352050781, 259.47607421875, 272.93316650390625, 3.446169137954712, 66.75944519042969, 148.10069274902344, 82.33888244628906, 107.53276824951172, 24.326091766357422, 3.463709592819214, 25.513370513916016, 202.39524841308594, 249.39111328125, 106.74064636230469, 275.45703125, 101.19859313964844, 47.43334197998047, 178.5763397216797, 3.453253746032715, 3.4683785438537598, 3.4637699127197266, 196.56834411621094, 3.4683785438537598, 45.31617736816406, 4.161548614501953, 307.4258728027344, 27.302112579345703, 26.108652114868164], "label:": [292.0, 135.0, 333.0, 302.0, 230.0, 181.0, 174.0, 154.0, 443.0, 245.0, 2.0, 12.0, 78.0, 6.0, 478.0, 39.0, 75.0, 182.0, 189.0, 323.0, 416.0, 243.0, 294.0, 394.0, 251.0, 183.0, 159.0, 386.0, 124.0, 491.0, 210.0, 412.0, 207.0, 402.0, 453.0, 389.0, 0.0, 76.0, 319.0, 413.0, 299.0, 226.0, 492.0, 44.0, 137.0, 152.0, 356.0, 73.0, 300.0, 107.0, 474.0, 466.0, 475.0, 83.0, 163.0, 127.0, 489.0, 454.0, 414.0, 324.0, 228.0, 14.0, 471.0, 291.0, 374.0, 23.0, 344.0, 193.0, 205.0, 357.0, 168.0, 38.0, 417.0, 410.0, 426.0, 43.0, 171.0, 275.0, 192.0, 224.0, 108.0, 32.0, 110.0, 342.0, 398.0, 223.0, 429.0, 216.0, 144.0, 313.0, 40.0, 18.0, 59.0, 335.0, 3.0, 141.0, 66.0, 467.0, 113.0, 111.0], "r_two": {"_type": "table-file", "sha256": "4af8b67c26e4117280f2e3644289de128669af9304f47520376f23a17482805f", "size": 2851, "artifact_path": "wandb-client-artifact://xlcynirk9o5wj4ve8a9ebwxlcietqm7hyuptjrg5tez4tawrqeca1vyevw5wqrvmfibeezi16mlrj9lxk6js7hirj49i8kvl4g45mxr9hbnms04oriq82p3u388j4ysw:latest/r_two.table.json", "_latest_artifact_path": "wandb-client-artifact://xlcynirk9o5wj4ve8a9ebwxlcietqm7hyuptjrg5tez4tawrqeca1vyevw5wqrvmfibeezi16mlrj9lxk6js7hirj49i8kvl4g45mxr9hbnms04oriq82p3u388j4ysw:latest/r_two.table.json", "path": "media/table/r_two_200_4af8b67c26e4117280f2.table.json", "ncols": 2, "nrows": 100}, "_wandb": {"runtime": 88}}