{"train loss:": 84391.42185384488, "_timestamp": 1658376109, "_runtime": 2, "_step": 3, "validation loss:": 83086.70783332564, "_wandb": {"runtime": 7}}