{"train loss:": 84236.10109221908, "_timestamp": 1658375834, "_runtime": 3, "_step": 3, "validation loss:": 82949.40281561208, "_wandb": {"runtime": 7}}