{"train loss:": 84239.31757859242, "_timestamp": 1658375187, "_runtime": 2, "_step": 3, "validation loss:": 82934.8083701932, "_wandb": {"runtime": 7}}