{"train loss:": 84273.89760538761, "_timestamp": 1658374543, "_runtime": 2, "_step": 3, "validation loss:": 83012.86015638748, "_wandb": {"runtime": 7}}