{"train loss:": 84248.87446937404, "_timestamp": 1658455263, "_runtime": 2, "_step": 3, "validation loss:": 82991.93717034382, "_wandb": {"runtime": 6}}