{"train loss:": 84197.5424108876, "_timestamp": 1658376388, "_runtime": 2, "_step": 3, "validation loss:": 82964.58818148104, "_wandb": {"runtime": 7}}