{"train loss:": 84291.40178677293, "_timestamp": 1658376735, "_runtime": 2, "_step": 3, "validation loss:": 82995.77813496995, "_wandb": {"runtime": 7}}