{"train loss:": 302282.4199935157, "_timestamp": 1657056175, "_runtime": 91, "_step": 220, "validation loss:": 307374.25584398187}