{"train loss:": 84353.3122761856, "_timestamp": 1658372946, "_runtime": 2, "_step": 3, "validation loss:": 83092.68657072334, "_wandb": {"runtime": 6}}