{"train loss:": 84323.63888388594, "_timestamp": 1658376436, "_runtime": 2, "_step": 3, "validation loss:": 83070.59502336232, "_wandb": {"runtime": 7}}