{"train loss:": 289.6958403203251, "_timestamp": 1658360864, "_runtime": 938, "_step": 2000, "validation loss:": 1470.8551601050842, "output:": [325.1962890625, 381.3583984375, 135.6202392578125, 202.83270263671875, 235.70553588867188, 281.0669250488281, 88.80331420898438, 123.55047607421875, 458.64447021484375, 253.1204833984375, 467.3174133300781, 455.4486999511719, 45.146217346191406, 166.11514282226562, 242.05215454101562, 429.7787780761719, 305.3138122558594, 121.29224395751953, 417.8387451171875, 238.50021362304688, 205.73818969726562, 415.2795715332031, 469.6654968261719, 173.2034149169922, 83.42102813720703, 34.790889739990234, 206.69859313964844, 371.0284118652344, 188.2052459716797, 391.6006164550781, 383.929931640625, 456.2520751953125, 38.59766387939453, 449.7223815917969, 355.5656433105469, 407.6336364746094, 295.3803405761719, 147.55502319335938, 67.79388427734375, 236.6445770263672, 168.12464904785156, 302.59002685546875, 81.23773193359375, 33.09451675415039, 341.72247314453125, 296.2776794433594, 403.4067687988281, 196.00363159179688, 394.9743347167969, 343.5731201171875, 77.60916137695312, 177.23597717285156, 453.01007080078125, 42.442420959472656, 354.6397399902344, 298.0763854980469, 254.8097686767578, 401.7190246582031, 468.8841247558594, 33.14201354980469, 50.54102325439453, 40.7916259765625, 404.2503967285156, 41.80817794799805, 80.15352630615234, 324.2989501953125, 228.90333557128906, 34.862144470214844, 44.433570861816406, 438.1303405761719, 315.3125915527344, 149.67794799804688, 117.89000701904297, 240.3084716796875, 448.8974304199219, 116.75179290771484, 157.43116760253906, 220.09515380859375, 218.1437530517578, 182.23004150390625, 195.027587890625, 120.1651840209961, 196.9805145263672, 223.02468872070312, 259.9367980957031, 406.78680419921875, 335.271484375, 388.20501708984375, 60.12508010864258, 41.23609161376953, 154.0309295654297, 320.7117919921875, 303.4964294433594, 185.22084045410156, 438.9617004394531, 138.8228759765625, 33.46741485595703, 405.0948486328125, 333.43353271484375, 38.55022430419922], "label:": [324.0, 386.0, 124.0, 189.0, 223.0, 275.0, 83.0, 113.0, 478.0, 243.0, 489.0, 474.0, 44.0, 152.0, 230.0, 443.0, 302.0, 111.0, 429.0, 226.0, 192.0, 426.0, 492.0, 159.0, 78.0, 23.0, 193.0, 374.0, 174.0, 398.0, 389.0, 475.0, 32.0, 467.0, 357.0, 417.0, 291.0, 135.0, 66.0, 224.0, 154.0, 299.0, 76.0, 14.0, 342.0, 292.0, 412.0, 182.0, 402.0, 344.0, 73.0, 163.0, 471.0, 40.0, 356.0, 294.0, 245.0, 410.0, 491.0, 12.0, 0.0, 2.0, 413.0, 39.0, 75.0, 323.0, 216.0, 6.0, 43.0, 453.0, 313.0, 137.0, 108.0, 228.0, 466.0, 107.0, 144.0, 207.0, 205.0, 168.0, 181.0, 110.0, 183.0, 210.0, 251.0, 416.0, 335.0, 394.0, 59.0, 38.0, 141.0, 319.0, 300.0, 171.0, 454.0, 127.0, 18.0, 414.0, 333.0, 3.0], "coefficients": {"_type": "table-file", "sha256": "f3bba337c89baf322ec020e30124a55d208206de00844b84741186258e5dc5dc", "size": 2844, "artifact_path": "wandb-client-artifact://v8egzzrj5qhty6u7fp1wxw6zuuclfhqblojc4ud4jtb9c4uu2iuphgpyh21qfu6qcgdqam2qyxel4zyaowz8ntwntj6l8mw31ynd00x7fsogwxysev1kwvlito4hb9eb:latest/coefficients.table.json", "_latest_artifact_path": "wandb-client-artifact://v8egzzrj5qhty6u7fp1wxw6zuuclfhqblojc4ud4jtb9c4uu2iuphgpyh21qfu6qcgdqam2qyxel4zyaowz8ntwntj6l8mw31ynd00x7fsogwxysev1kwvlito4hb9eb:latest/coefficients.table.json", "path": "media/table/coefficients_2000_f3bba337c89baf322ec0.table.json", "ncols": 2, "nrows": 100}, "_wandb": {"runtime": 941}}