{"train loss:": 559.5691036146167, "_timestamp": 1658357053, "_runtime": 927, "_step": 2000, "validation loss:": 1570.3053303378952, "output:": [167.9041290283203, 40.7503662109375, 138.14320373535156, 44.1326904296875, 302.3117980957031, 403.7060546875, 39.286705017089844, 454.22930908203125, 299.56646728515625, 184.89637756347656, 157.47036743164062, 411.9814453125, 207.91659545898438, 84.17355346679688, 196.37060546875, 392.22589111328125, 404.52813720703125, 312.5572814941406, 255.37579345703125, 322.05242919921875, 448.8739013671875, 93.02006530761719, 300.48101806640625, 41.76155471801758, 260.270751953125, 292.43115234375, 295.05682373046875, 197.44039916992188, 333.5821533203125, 400.4219665527344, 126.39089965820312, 187.9349822998047, 225.80116271972656, 141.37115478515625, 354.140380859375, 398.78106689453125, 369.4745178222656, 355.1180419921875, 381.6135559082031, 220.54258728027344, 154.41427612304688, 85.319091796875, 402.0647888183594, 46.126155853271484, 87.5111312866211, 256.6043701171875, 70.78533935546875, 331.6467590332031, 435.2586669921875, 426.1537780761719, 245.0134735107422, 48.24538803100586, 239.84295654296875, 246.9351348876953, 318.24560546875, 39.590206146240234, 463.1050720214844, 444.9360046386719, 181.8646240234375, 176.7415008544922, 41.50296401977539, 150.728271484375, 195.30210876464844, 451.1865234375, 43.91752624511719, 232.2147979736328, 46.341835021972656, 39.14665603637695, 45.93443298339844, 240.90966796875, 172.75619506835938, 124.24964141845703, 123.19884490966797, 388.9525146484375, 64.35044860839844, 385.6809387207031, 120.09503173828125, 461.8795471191406, 445.7315368652344, 463.71258544921875, 203.74571228027344, 222.65029907226562, 379.1764221191406, 401.2436218261719, 206.8732147216797, 121.12005615234375, 47.70537185668945, 278.2981262207031, 166.01600646972656, 342.36834716796875, 81.33919525146484, 451.95196533203125, 293.30474853515625, 148.97799682617188, 323.0051574707031, 340.4104919433594, 242.99325561523438, 40.600669860839844, 414.48345947265625, 434.4383239746094], "label:": [154.0, 3.0, 124.0, 32.0, 302.0, 416.0, 6.0, 478.0, 299.0, 171.0, 144.0, 426.0, 193.0, 75.0, 182.0, 402.0, 417.0, 313.0, 243.0, 323.0, 471.0, 83.0, 300.0, 23.0, 251.0, 291.0, 294.0, 183.0, 335.0, 412.0, 113.0, 174.0, 210.0, 127.0, 356.0, 410.0, 374.0, 357.0, 389.0, 205.0, 141.0, 76.0, 414.0, 39.0, 78.0, 245.0, 66.0, 333.0, 454.0, 443.0, 228.0, 44.0, 223.0, 230.0, 319.0, 14.0, 491.0, 466.0, 168.0, 163.0, 2.0, 137.0, 181.0, 474.0, 0.0, 216.0, 40.0, 12.0, 38.0, 224.0, 159.0, 111.0, 110.0, 398.0, 59.0, 394.0, 107.0, 489.0, 467.0, 492.0, 189.0, 207.0, 386.0, 413.0, 192.0, 108.0, 43.0, 275.0, 152.0, 344.0, 73.0, 475.0, 292.0, 135.0, 324.0, 342.0, 226.0, 18.0, 429.0, 453.0], "coefficients": {"_type": "table-file", "sha256": "317b7c3bef6497ee93ccdb125af5841ab2c47c99c8e6d3912ff9dcd77ada3a9a", "size": 2839, "artifact_path": "wandb-client-artifact://imqw67mne822dvenzjx3hrzlpd9xxxmfs5q9umzkcv4q7tzsolr8otp60rbbf0h50zdyqzwpn1zc5lxnz9kqv21eyioq85zphwuwcxt8kmnp9g48zmzqbid1nyvio6qu:latest/coefficients.table.json", "_latest_artifact_path": "wandb-client-artifact://imqw67mne822dvenzjx3hrzlpd9xxxmfs5q9umzkcv4q7tzsolr8otp60rbbf0h50zdyqzwpn1zc5lxnz9kqv21eyioq85zphwuwcxt8kmnp9g48zmzqbid1nyvio6qu:latest/coefficients.table.json", "path": "media/table/coefficients_2000_317b7c3bef6497ee93cc.table.json", "ncols": 2, "nrows": 100}, "_wandb": {"runtime": 929}}