{"train loss:": 84298.33429173437, "_timestamp": 1658454768, "_runtime": 1, "_step": 3, "validation loss:": 82992.32813644722, "_wandb": {"runtime": 7}}