{"train loss:": 84242.38793725603, "_timestamp": 1658372666, "_runtime": 2, "_step": 3, "validation loss:": 82962.51612915422, "_wandb": {"runtime": 6}}