{"train loss:": 84250.34701226726, "_timestamp": 1658375883, "_runtime": 2, "_step": 3, "validation loss:": 83015.87608001522, "_wandb": {"runtime": 7}}