{"train loss:": 84381.21757597472, "_timestamp": 1658372865, "_runtime": 1, "_step": 3, "validation loss:": 83071.26717495383, "_wandb": {"runtime": 6}}