{"train loss:": 133.3213109860961, "_timestamp": 1658461272, "_runtime": 91, "_step": 8000, "validation loss:": 169.81531535973454, "output:": [278.88665771484375, 385.7769470214844, 441.8260498046875, 322.360107421875, 317.8227233886719, 110.3895492553711, 183.61032104492188, 386.7991027832031, 432.2901306152344, 16.96523094177246, 59.55644607543945, 220.74742126464844, 350.987060546875, 331.34063720703125, 494.1195373535156, 34.43515396118164, 61.38900375366211, 251.87525939941406, 474.6341552734375, 459.3084411621094, 447.9936218261719, 166.48326110839844, 388.8370666503906, 60.959983825683594, 428.018310546875, 232.0445098876953, 222.63720703125, 275.7962646484375, 304.0181579589844, 60.76508712768555, 109.41243743896484, 171.2024688720703, 492.0377197265625, 279.9195251464844, 129.08921813964844, 14.080673217773438, 339.90093994140625, 445.9440612792969, 134.81930541992188, 72.9972152709961, 400.3305969238281, 375.64239501953125, 198.15139770507812, 332.2160949707031, 150.40711975097656, 12.038180351257324, 126.28543090820312, 59.64238357543945, 424.8441467285156, 178.20350646972656, 60.118839263916016, 482.7646179199219, 78.645263671875, 496.2242431640625, 357.600830078125, 248.8393096923828, 297.3719482421875, 342.57586669921875, 495.1683654785156, 407.86920166015625, 218.8597869873047, 211.823974609375, 283.0035400390625, 119.84642791748047, 237.66941833496094, 209.69747924804688, 393.96051025390625, 138.4524688720703, 99.02149963378906, 486.86834716796875, 365.5694885253906, 30.781352996826172, 128.14830017089844, 377.6536560058594, 461.3851623535156, 378.6642150878906, 470.5965576171875, 20.830347061157227, 254.9375762939453, 276.8272399902344, 327.7950439453125, 101.88123321533203, 185.7450408935547, 318.7259216308594, 187.9088134765625, 296.4497375488281, 170.24966430664062, 82.31489562988281, 463.456298828125, 371.611572265625, 136.66702270507812, 85.51007080078125, 320.5462341308594, 68.4939193725586, 355.6929931640625, 294.6221618652344, 404.637451171875, 204.34890747070312, 87.42794036865234, 368.5872497558594], "label:": [277.0, 390.0, 443.0, 323.0, 318.0, 108.0, 183.0, 391.0, 434.0, 17.0, 48.0, 219.0, 355.0, 333.0, 494.0, 25.0, 33.0, 251.0, 475.0, 460.0, 449.0, 166.0, 393.0, 34.0, 430.0, 231.0, 221.0, 274.0, 303.0, 46.0, 107.0, 171.0, 492.0, 278.0, 128.0, 14.0, 343.0, 447.0, 134.0, 71.0, 404.0, 380.0, 197.0, 334.0, 150.0, 12.0, 125.0, 38.0, 427.0, 178.0, 47.0, 483.0, 75.0, 496.0, 362.0, 248.0, 296.0, 346.0, 495.0, 411.0, 217.0, 210.0, 281.0, 118.0, 237.0, 208.0, 398.0, 138.0, 96.0, 487.0, 370.0, 24.0, 127.0, 382.0, 462.0, 383.0, 471.0, 20.0, 254.0, 275.0, 329.0, 99.0, 185.0, 319.0, 187.0, 295.0, 170.0, 78.0, 464.0, 376.0, 136.0, 81.0, 321.0, 68.0, 360.0, 293.0, 408.0, 203.0, 83.0, 373.0], "coefficients": {"_type": "table-file", "sha256": "ac93886b5aa64c1e74e111607e25aeec1b2b57ed20ddd00fea6bf25f0d5f94d1", "size": 2847, "artifact_path": "wandb-client-artifact://3hsan2dyrqb571l9wji3b45otnvymroprltwijcj6s4jnn8i7ir2u563gw7v135xuce7c3ee141b5n5lh6iuultfdznfjd677yss352aqbw3gdabmm2e6zri9i2lzkep:latest/coefficients.table.json", "_latest_artifact_path": "wandb-client-artifact://3hsan2dyrqb571l9wji3b45otnvymroprltwijcj6s4jnn8i7ir2u563gw7v135xuce7c3ee141b5n5lh6iuultfdznfjd677yss352aqbw3gdabmm2e6zri9i2lzkep:latest/coefficients.table.json", "path": "media/table/coefficients_8000_ac93886b5aa64c1e74e1.table.json", "ncols": 2, "nrows": 100}, "_wandb": {"runtime": 94}}