{"train loss:": 607.1411930705414, "_timestamp": 1658217814, "_runtime": 23, "_step": 2000, "validation loss:": 1333.7300509989452, "output:": [184.97659301757812, 472.6614990234375, 384.401123046875, 444.3895568847656, 43.967803955078125, 334.1242370605469, 89.07846069335938, 81.33596801757812, 320.82293701171875, 118.28836059570312, 200.7349853515625, 232.29043579101562, 52.999916076660156, 226.63462829589844, 181.78564453125, 216.78759765625, 420.8563232421875, 412.0322570800781, 454.5296936035156, 84.28755950927734, 168.58493041992188, 408.44146728515625, 178.5267333984375, 295.1060791015625, 399.3296813964844, 410.2410888671875, 35.6759147644043, 357.09320068359375, 315.1606750488281, 472.0077209472656, 406.6283264160156, 71.57781219482422, 204.82289123535156, 412.9252624511719, 325.5550842285156, 356.1444091796875, 304.756591796875, 294.13128662109375, 193.4048309326172, 233.08352661132812, 459.8682556152344, 39.23957824707031, 34.656131744384766, 194.45654296875, 460.6217346191406, 457.58941650390625, 373.1702575683594, 53.321109771728516, 435.3395080566406, 391.8733215332031, 49.313899993896484, 38.251129150390625, 324.60662841796875, 172.97750854492188, 443.5867614746094, 152.3062286376953, 160.95962524414062, 344.6814880371094, 145.0494384765625, 336.0345153808594, 65.11903381347656, 301.8824462890625, 192.3536834716797, 149.14178466796875, 82.34905242919922, 248.10047912597656, 409.342529296875, 120.59672546386719, 123.87495422363281, 453.760986328125, 54.114383697509766, 117.10404968261719, 221.4198455810547, 387.2030029296875, 52.62862777709961, 395.6061096191406, 234.66506958007812, 41.318599700927734, 302.84259033203125, 255.28036499023438, 249.84878540039062, 143.17913818359375, 54.50568389892578, 34.51277160644531, 163.14401245117188, 297.0504150390625, 278.5739440917969, 342.7567443847656, 462.87310791015625, 237.72581481933594, 79.16427612304688, 423.4463806152344, 218.6790313720703, 236.2150421142578, 203.80184936523438, 36.81087875366211, 470.6832580566406, 136.21766662597656, 121.71795654296875, 133.82315063476562], "label:": [174.0, 492.0, 386.0, 454.0, 23.0, 333.0, 83.0, 75.0, 319.0, 108.0, 189.0, 223.0, 39.0, 216.0, 171.0, 205.0, 426.0, 416.0, 467.0, 78.0, 159.0, 412.0, 168.0, 292.0, 402.0, 414.0, 6.0, 357.0, 313.0, 491.0, 410.0, 66.0, 193.0, 417.0, 324.0, 356.0, 302.0, 291.0, 182.0, 224.0, 474.0, 14.0, 3.0, 183.0, 475.0, 471.0, 374.0, 40.0, 443.0, 394.0, 32.0, 12.0, 323.0, 163.0, 453.0, 144.0, 152.0, 344.0, 137.0, 335.0, 59.0, 299.0, 181.0, 141.0, 76.0, 243.0, 413.0, 110.0, 113.0, 466.0, 43.0, 107.0, 210.0, 389.0, 38.0, 398.0, 226.0, 18.0, 300.0, 251.0, 245.0, 135.0, 44.0, 2.0, 154.0, 294.0, 275.0, 342.0, 478.0, 230.0, 73.0, 429.0, 207.0, 228.0, 192.0, 0.0, 489.0, 127.0, 111.0, 124.0], "coefficinets": {"_type": "table-file", "sha256": "871a95dc2d03c8396f30a444d676cf0abb8e650273110660622c20c9267b0152", "size": 2852, "artifact_path": "wandb-client-artifact://cvv94zokrp35ral56erfp88wgnfnf9bqhliz0k8nsziz98hric1azftfo2ivse4jfoj34ygfrulloc6kmu5dxz1m3lsum3ziatdq1bu806ptq48xzelpknsny4m11ebn:latest/coefficinets.table.json", "_latest_artifact_path": "wandb-client-artifact://cvv94zokrp35ral56erfp88wgnfnf9bqhliz0k8nsziz98hric1azftfo2ivse4jfoj34ygfrulloc6kmu5dxz1m3lsum3ziatdq1bu806ptq48xzelpknsny4m11ebn:latest/coefficinets.table.json", "path": "media/table/coefficinets_2000_871a95dc2d03c8396f30.table.json", "ncols": 2, "nrows": 100}, "_wandb": {"runtime": 25}}