{"train loss:": 15287.266524962577, "_timestamp": 1658218716, "_runtime": 486, "_step": 105, "validation loss:": 15282.621591604682}