{"train loss:": 149.78829194097645, "_timestamp": 1658461416, "_runtime": 114, "_step": 10000, "validation loss:": 378.214783997835, "output:": [108.80244445800781, 30.840429306030273, 279.915283203125, 28.60198402404785, 98.4338150024414, 482.722412109375, 118.98348236083984, 180.7064208984375, 320.44244384765625, 80.23213958740234, 470.312255859375, 137.7653350830078, 395.0202941894531, 101.08303833007812, 503.9201354980469, 506.15460205078125, 371.5785217285156, 29.753990173339844, 168.08969116210938, 453.4360046386719, 75.75494384765625, 278.88232421875, 384.7588806152344, 429.4610290527344, 344.4494323730469, 72.20093536376953, 324.3616638183594, 335.4970703125, 134.14430236816406, 465.8305358886719, 400.0455627441406, 319.47039794921875, 200.85806274414062, 330.4088439941406, 109.78031158447266, 363.3951721191406, 468.0694885253906, 194.7029266357422, 39.306514739990234, 83.19532775878906, 347.2738952636719, 208.13156127929688, 297.9358215332031, 219.40957641601562, 164.53094482421875, 34.272216796875, 381.6991271972656, 406.10357666015625, 135.9265594482422, 356.3714294433594, 125.70201873779297, 251.25595092773438, 41.97850799560547, 275.6540222167969, 377.6859436035156, 374.6751708984375, 33.7398681640625, 478.2087097167969, 496.1124267578125, 304.72833251953125, 127.73872375488281, 322.38262939453125, 432.6505126953125, 413.1228332519531, 48.53107452392578, 149.69224548339844, 451.18011474609375, 491.68011474609375, 393.0072021484375, 168.99270629882812, 436.9610290527344, 334.475830078125, 128.73500061035156, 87.71158599853516, 31.828832626342773, 294.9156188964844, 206.0527801513672, 215.2657470703125, 175.6330108642578, 86.0276870727539, 505.03717041015625, 217.32489013671875, 296.9278259277344, 361.383544921875, 282.90667724609375, 391.9746398925781, 39.87035369873047, 49.60408020019531, 49.07699203491211, 182.73684692382812, 229.7954559326172, 236.3579559326172, 383.7375183105469, 410.1489562988281, 446.734130859375, 184.74090576171875, 248.02784729003906, 276.73321533203125, 501.6862487792969, 254.3456573486328], "label:": [107.0, 17.0, 278.0, 12.0, 96.0, 475.0, 118.0, 183.0, 319.0, 75.0, 464.0, 138.0, 393.0, 99.0, 494.0, 496.0, 370.0, 14.0, 170.0, 449.0, 71.0, 277.0, 383.0, 427.0, 343.0, 68.0, 323.0, 334.0, 134.0, 460.0, 398.0, 318.0, 203.0, 329.0, 108.0, 362.0, 462.0, 197.0, 33.0, 78.0, 346.0, 210.0, 296.0, 221.0, 166.0, 25.0, 380.0, 404.0, 136.0, 355.0, 125.0, 251.0, 38.0, 274.0, 376.0, 373.0, 24.0, 471.0, 487.0, 303.0, 127.0, 321.0, 430.0, 411.0, 46.0, 150.0, 447.0, 483.0, 391.0, 171.0, 434.0, 333.0, 128.0, 83.0, 20.0, 293.0, 208.0, 217.0, 178.0, 81.0, 495.0, 219.0, 295.0, 360.0, 281.0, 390.0, 34.0, 48.0, 47.0, 185.0, 231.0, 237.0, 382.0, 408.0, 443.0, 187.0, 248.0, 275.0, 492.0, 254.0], "coefficients": {"_type": "table-file", "sha256": "9f669bda197b8389dc52ffe4f7e73b1f958a75d7cc4440199571576bbc4fad20", "size": 2847, "artifact_path": "wandb-client-artifact://tpcg8k5839g30cmnkkavnr5rouj5u037pfemko6jwia7uvb1rf8217p5cuebyr7nzcbw9lhng37f8f7dw2asaz8k0czmobpgxe5r1e59ffp6562rfb89a1tzuao8ys7m:latest/coefficients.table.json", "_latest_artifact_path": "wandb-client-artifact://tpcg8k5839g30cmnkkavnr5rouj5u037pfemko6jwia7uvb1rf8217p5cuebyr7nzcbw9lhng37f8f7dw2asaz8k0czmobpgxe5r1e59ffp6562rfb89a1tzuao8ys7m:latest/coefficients.table.json", "path": "media/table/coefficients_10000_9f669bda197b8389dc52.table.json", "ncols": 2, "nrows": 100}, "_wandb": {"runtime": 116}}