{"train loss:": 4577.686288264966, "_timestamp": 1658216194, "_runtime": 10, "_step": 665, "validation loss:": 53822.164108046}