{"train loss:": 15337.945115883545, "_timestamp": 1658218153, "_runtime": 74, "_step": 15, "validation loss:": 15362.054820287372}