{"train loss:": 84245.16400563468, "_timestamp": 1658375201, "_runtime": 2, "_step": 3, "validation loss:": 82932.92189253545, "_wandb": {"runtime": 7}}