{"train loss:": 135.48405740806058, "_timestamp": 1658460913, "_runtime": 48, "_step": 4000, "validation loss:": 848.0050285664244, "output:": [54.625179290771484, 372.2443542480469, 382.1214904785156, 97.3623275756836, 279.8799743652344, 126.51934051513672, 276.8559875488281, 522.5077514648438, 283.6333312988281, 172.15867614746094, 222.28460693359375, 48.14108657836914, 108.85887908935547, 107.65625, 128.7323455810547, 438.2754211425781, 168.22389221191406, 89.00613403320312, 173.1494598388672, 391.182373046875, 434.59234619140625, 297.754150390625, 407.0758056640625, 332.9033508300781, 454.27899169921875, 41.66039276123047, 48.64409255981445, 199.07359313964844, 232.46725463867188, 280.8305969238281, 41.40846252441406, 185.0052947998047, 79.04979705810547, 394.5471496582031, 320.6971740722656, 119.36363220214844, 331.9174499511719, 137.90933227539062, 68.823486328125, 328.08489990234375, 129.8946075439453, 379.8359069824219, 475.7353820800781, 411.7720947265625, 505.3029479980469, 359.1033020019531, 296.7928161621094, 304.49737548828125, 252.93907165527344, 345.0289001464844, 249.8944854736328, 459.24951171875, 238.6157684326172, 369.172607421875, 510.5360107421875, 75.33172607421875, 415.3273010253906, 517.1511840820312, 87.5916519165039, 383.2711486816406, 317.98370361328125, 494.9128112792969, 361.0916748046875, 218.47447204589844, 478.27545166015625, 187.0739288330078, 519.8218994140625, 211.900146484375, 44.69562911987305, 489.7432861328125, 42.15996170043945, 41.82726287841797, 205.18841552734375, 461.7580871582031, 209.9213409423828, 375.4165344238281, 220.3573760986328, 189.07315063476562, 318.8860778808594, 322.5250549316406, 136.09869384765625, 354.09405517578125, 85.49259948730469, 179.77410888671875, 69.33465576171875, 521.1629638671875, 68.18157196044922, 443.1869812011719, 480.80999755859375, 341.966064453125, 294.8751525878906, 151.8919677734375, 277.885498046875, 99.69464874267578, 83.15507507324219, 139.77346801757812, 44.22140121459961, 256.1143798828125, 392.3041076660156, 400.16650390625], "label:": [38.0, 373.0, 382.0, 96.0, 277.0, 125.0, 274.0, 496.0, 281.0, 170.0, 221.0, 33.0, 108.0, 107.0, 127.0, 430.0, 166.0, 83.0, 171.0, 390.0, 427.0, 296.0, 404.0, 334.0, 443.0, 17.0, 34.0, 197.0, 231.0, 278.0, 12.0, 183.0, 71.0, 393.0, 321.0, 118.0, 333.0, 136.0, 47.0, 329.0, 128.0, 380.0, 460.0, 408.0, 483.0, 360.0, 295.0, 303.0, 251.0, 346.0, 248.0, 447.0, 237.0, 370.0, 487.0, 68.0, 411.0, 492.0, 81.0, 383.0, 318.0, 475.0, 362.0, 217.0, 462.0, 185.0, 494.0, 210.0, 25.0, 471.0, 14.0, 20.0, 203.0, 449.0, 208.0, 376.0, 219.0, 187.0, 319.0, 323.0, 134.0, 355.0, 78.0, 178.0, 46.0, 495.0, 48.0, 434.0, 464.0, 343.0, 293.0, 150.0, 275.0, 99.0, 75.0, 138.0, 24.0, 254.0, 391.0, 398.0], "coefficients": {"_type": "table-file", "sha256": "9b69299801766bb914c8b3110d04e42089249506511f31711f8d2f59f073d0d0", "size": 2831, "artifact_path": "wandb-client-artifact://d5hj6oygxc49k964t00bm2218n437lwou3upy0zigcje79mvcgekjblrnpbvg7j4hq3eh0ou7sn9rdzzpnm2xhp6d3b5schweowwxri5jhf3hl3uaajkm04x6up39561:latest/coefficients.table.json", "_latest_artifact_path": "wandb-client-artifact://d5hj6oygxc49k964t00bm2218n437lwou3upy0zigcje79mvcgekjblrnpbvg7j4hq3eh0ou7sn9rdzzpnm2xhp6d3b5schweowwxri5jhf3hl3uaajkm04x6up39561:latest/coefficients.table.json", "path": "media/table/coefficients_4000_9b69299801766bb914c8.table.json", "ncols": 2, "nrows": 100}, "_wandb": {"runtime": 50}}