{"train loss:": 84370.73183362772, "_timestamp": 1658374988, "_runtime": 3, "_step": 3, "validation loss:": 83117.30579804197, "_wandb": {"runtime": 7}}