{"train loss:": 796.31072922079, "_timestamp": 1658363876, "_runtime": 17, "_step": 1401, "validation loss:": 2467.3758965905017, "_wandb": {"runtime": 19}}