{"train loss:": 84360.28826635855, "_timestamp": 1658376368, "_runtime": 2, "_step": 3, "validation loss:": 83092.59167884778, "_wandb": {"runtime": 7}}