{"train loss:": 81.95380357158577, "_timestamp": 1658461084, "_runtime": 70, "_step": 6000, "validation loss:": 305.1183309425332, "output:": [316.22283935546875, 182.26220703125, 30.787263870239258, 293.3567810058594, 28.08403778076172, 474.9059143066406, 170.4774932861328, 504.2301940917969, 391.049560546875, 423.7554931640625, 427.26422119140625, 177.75721740722656, 228.9302215576172, 291.3235168457031, 294.3597106933594, 97.6042709350586, 272.9620361328125, 127.68822479248047, 74.09427642822266, 375.29815673828125, 405.5281677246094, 446.9544677734375, 329.36895751953125, 186.08872985839844, 218.07911682128906, 382.47857666015625, 216.1776580810547, 53.05564498901367, 219.9810028076172, 340.1747741699219, 202.24330139160156, 207.27081298828125, 383.54278564453125, 461.9981689453125, 500.4422607421875, 365.5519714355469, 385.6587219238281, 494.2255554199219, 464.3287658691406, 315.327392578125, 209.27867126464844, 275.006591796875, 138.12855529785156, 184.13487243652344, 337.3764953613281, 276.0329895019531, 85.9483413696289, 99.62818145751953, 325.1105041503906, 31.55479621887207, 44.0338134765625, 353.2167663574219, 135.89927673339844, 196.4032440185547, 171.41282653808594, 279.1416015625, 106.38497924804688, 39.032291412353516, 251.3789520263672, 489.3211669921875, 23.796024322509766, 328.51953125, 466.65740966796875, 431.94781494140625, 505.4997253417969, 248.3147430419922, 26.559768676757812, 78.10541534423828, 53.3120231628418, 133.7554168701172, 362.6689453125, 117.42623901367188, 234.30323791503906, 372.3350830078125, 82.91834259033203, 319.8333435058594, 402.1289367675781, 40.073081970214844, 124.5311050415039, 271.9442443847656, 368.4502258300781, 502.9630126953125, 88.22569274902344, 166.5390167236328, 449.2589111328125, 348.5977478027344, 107.41746520996094, 442.3734130859375, 150.045654296875, 126.65792846679688, 53.54907989501953, 25.035985946655273, 374.3052978515625, 89.31237030029297, 301.18572998046875, 355.079345703125, 245.22256469726562, 397.6405334472656, 479.67974853515625, 318.02532958984375], "label:": [319.0, 183.0, 24.0, 295.0, 20.0, 471.0, 170.0, 495.0, 398.0, 427.0, 430.0, 178.0, 231.0, 293.0, 296.0, 96.0, 275.0, 128.0, 68.0, 383.0, 411.0, 447.0, 334.0, 187.0, 219.0, 390.0, 217.0, 46.0, 221.0, 346.0, 203.0, 208.0, 391.0, 460.0, 492.0, 373.0, 393.0, 487.0, 462.0, 318.0, 210.0, 277.0, 138.0, 185.0, 343.0, 278.0, 78.0, 99.0, 329.0, 25.0, 38.0, 360.0, 136.0, 197.0, 171.0, 281.0, 107.0, 33.0, 254.0, 483.0, 12.0, 333.0, 464.0, 434.0, 496.0, 251.0, 17.0, 71.0, 47.0, 134.0, 370.0, 118.0, 237.0, 380.0, 75.0, 323.0, 408.0, 34.0, 125.0, 274.0, 376.0, 494.0, 81.0, 166.0, 449.0, 355.0, 108.0, 443.0, 150.0, 127.0, 48.0, 14.0, 382.0, 83.0, 303.0, 362.0, 248.0, 404.0, 475.0, 321.0], "coefficients": {"_type": "table-file", "sha256": "4dde1c7979ed3da6e51bf8580fcb75470b49c75063dc11e45de539103af4de9b", "size": 2840, "artifact_path": "wandb-client-artifact://7iw52xurfi948wqkjqgi5b0ncpq8t2wt8vp92dlpno9rrcpabkun5os8qwfhpsapbc8kwtmjc2onap52j8yt7c33gj4ltok8edy0izapeh162a2rkzp7tszkaq8hji5k:latest/coefficients.table.json", "_latest_artifact_path": "wandb-client-artifact://7iw52xurfi948wqkjqgi5b0ncpq8t2wt8vp92dlpno9rrcpabkun5os8qwfhpsapbc8kwtmjc2onap52j8yt7c33gj4ltok8edy0izapeh162a2rkzp7tszkaq8hji5k:latest/coefficients.table.json", "path": "media/table/coefficients_6000_4dde1c7979ed3da6e51b.table.json", "ncols": 2, "nrows": 100}, "_wandb": {"runtime": 72}}