{"train loss:": 84290.7455103071, "_timestamp": 1658374574, "_runtime": 2, "_step": 3, "validation loss:": 83012.25064173416, "_wandb": {"runtime": 7}}