{"train loss:": 83087.18868595113, "_timestamp": 1658353204, "_runtime": 11, "_step": 40, "validation loss:": 79889.02149776046, "output:": [9.062893867492676, 0.7321412563323975, 1.3285324573516846, 4.269457817077637, 10.658720970153809, 0.4451289772987366, 9.888607025146484, 0.23603752255439758, 9.327555656433105, 1.3745864629745483, 10.985180854797363, 6.442330837249756, 5.750668525695801, 10.243711471557617, 4.075311183929443, 11.578428268432617, 0.24174131453037262, 0.23968569934368134, 0.24139823019504547, 11.489418983459473, 8.094636917114258, 11.34115219116211, 4.4647746086120605, 9.44546127319336, 2.525087594985962, 9.681685447692871, 4.888331413269043, 0.2617094814777374, 6.8465070724487305, 1.6316710710525513, 3.3341727256774902, 10.154914855957031, 7.483504772186279, 6.471122741699219, 5.059786796569824, 2.047309398651123, 12.024314880371094, 3.4428510665893555, 1.946787714958191, 7.019858360290527, 3.415700674057007, 7.135651111602783, 4.297264099121094, 2.7666678428649902, 1.703259825706482, 0.27371084690093994, 12.083993911743164, 3.1437692642211914, 0.24110598862171173, 7.686450958251953, 9.20980453491211, 7.42559814453125, 0.24177250266075134, 11.697151184082031, 2.3901875019073486, 4.831493377685547, 3.170896291732788, 3.8266677856445312, 11.370795249938965, 8.622103691101074, 12.113842964172363, 0.3628312945365906, 2.633070707321167, 7.164639472961426, 3.7715461254119873, 9.859033584594727, 0.25831374526023865, 8.974818229675293, 6.298521995544434, 2.124328136444092, 10.955496788024902, 0.555450439453125, 0.2555731236934662, 2.8468892574310303, 0.2771928012371063, 0.590250551700592, 4.408815860748291, 1.2601022720336914, 2.336346387863159, 0.6426913142204285, 8.12387466430664, 0.2377421259880066, 6.528759002685547, 4.352970600128174, 6.241060256958008, 2.9275107383728027, 0.6076098084449768, 9.799908638000488, 3.1166787147521973, 9.770353317260742, 11.608101844787598, 7.744584560394287, 9.740797996520996, 0.24598859250545502, 3.9095146656036377, 1.237336277961731, 1.8972177505493164, 6.212320327758789, 0.2316075712442398, 1.305619239807129], "label:": [389.0, 83.0, 111.0, 223.0, 443.0, 66.0, 417.0, 2.0, 398.0, 113.0, 454.0, 299.0, 275.0, 429.0, 216.0, 474.0, 18.0, 6.0, 14.0, 471.0, 356.0, 466.0, 230.0, 402.0, 159.0, 410.0, 245.0, 40.0, 313.0, 124.0, 189.0, 426.0, 335.0, 300.0, 251.0, 141.0, 489.0, 193.0, 137.0, 319.0, 192.0, 323.0, 224.0, 168.0, 127.0, 43.0, 491.0, 182.0, 12.0, 342.0, 394.0, 333.0, 23.0, 478.0, 154.0, 243.0, 183.0, 207.0, 467.0, 374.0, 492.0, 59.0, 163.0, 324.0, 205.0, 416.0, 39.0, 386.0, 294.0, 144.0, 453.0, 73.0, 38.0, 171.0, 44.0, 75.0, 228.0, 108.0, 152.0, 78.0, 357.0, 3.0, 302.0, 226.0, 292.0, 174.0, 76.0, 414.0, 181.0, 413.0, 475.0, 344.0, 412.0, 32.0, 210.0, 107.0, 135.0, 291.0, 0.0, 110.0], "r_three": {"_type": "table-file", "sha256": "63b85f448a66a0216a315986a8bda5c85dddb911a7fe6f0655e65c4c04c2e91c", "size": 2878, "artifact_path": "wandb-client-artifact://w6ypp9men4j4neqgmh8hp5iauszyz299yw2ns5gnbxvvxi3kpwt33eqllm5b508nqceu0zoyrg8tscn268sqg7cpz0uq6rr1mcmlq5lgj6hn7joq668uq6srsaba9i5u:latest/r_three.table.json", "_latest_artifact_path": "wandb-client-artifact://w6ypp9men4j4neqgmh8hp5iauszyz299yw2ns5gnbxvvxi3kpwt33eqllm5b508nqceu0zoyrg8tscn268sqg7cpz0uq6rr1mcmlq5lgj6hn7joq668uq6srsaba9i5u:latest/r_three.table.json", "path": "media/table/r_three_40_63b85f448a66a0216a31.table.json", "ncols": 2, "nrows": 100}, "_wandb": {"runtime": 13}}