{"train loss:": 541.8531174376168, "_timestamp": 1658362175, "_runtime": 181, "_step": 1509, "validation loss:": 1646.8608748039442}