{"train loss:": 356.4360472674689, "_timestamp": 1658460696, "_runtime": 36, "_step": 2933, "validation loss:": 2761.97979008008}