{"train loss:": 84212.70987984056, "_timestamp": 1658377081, "_runtime": 2, "_step": 3, "validation loss:": 82979.60212807276, "_wandb": {"runtime": 7}}