{"train loss:": 327.5774905326302, "_timestamp": 1658367234, "_runtime": 939, "_step": 2000, "validation loss:": 3296.290066414349, "output:": [231.2036590576172, 47.809906005859375, 300.6707458496094, 390.5384216308594, 431.9034423828125, 213.3439178466797, 290.9026794433594, 299.783935546875, 355.64569091796875, 281.1739807128906, 308.6277160644531, 296.23297119140625, 50.304500579833984, 78.9002914428711, 414.9811096191406, 34.46337127685547, 62.5825080871582, 219.2129364013672, 34.31110382080078, 116.89617919921875, 80.83440399169922, 329.92254638671875, 345.0132751464844, 318.38238525390625, 157.4811553955078, 138.551513671875, 165.35415649414062, 366.1121826171875, 113.91571044921875, 432.7281188964844, 41.98027801513672, 34.20328903198242, 144.66114807128906, 369.561767578125, 207.33921813964844, 278.5416564941406, 381.7259216308594, 414.1187438964844, 329.0368347167969, 45.530330657958984, 69.42352294921875, 114.91495513916016, 257.6252746582031, 183.7660369873047, 229.62869262695312, 202.1503143310547, 129.94606018066406, 274.18157958984375, 310.3934326171875, 362.65704345703125, 214.1808624267578, 272.4426574707031, 47.35968780517578, 279.41802978515625, 136.80465698242188, 435.1888122558594, 170.66867065429688, 111.90895080566406, 39.87936782836914, 142.03280639648438, 178.52369689941406, 429.41778564453125, 236.16128540039062, 425.2278137207031, 151.5396270751953, 446.4464111328125, 199.5451202392578, 85.95492553710938, 379.96820068359375, 153.2220916748047, 217.53501892089844, 376.4737548828125, 36.455665588378906, 76.18787384033203, 378.2175598144531, 197.8047332763672, 405.43475341796875, 127.27638244628906, 43.74214553833008, 38.32467269897461, 215.85433959960938, 444.0745544433594, 358.29058837890625, 316.6005859375, 110.90809631347656, 187.29879760742188, 445.6596374511719, 186.41456604003906, 176.7847900390625, 426.0715637207031, 382.6073913574219, 379.0924377441406, 271.572998046875, 177.65191650390625, 77.97367095947266, 48.31464767456055, 49.788455963134766, 393.1690673828125, 160.94448852539062, 168.0272216796875], "label:": [245.0, 39.0, 324.0, 426.0, 474.0, 223.0, 313.0, 323.0, 386.0, 302.0, 333.0, 319.0, 44.0, 76.0, 454.0, 6.0, 59.0, 230.0, 2.0, 113.0, 78.0, 357.0, 374.0, 344.0, 159.0, 137.0, 168.0, 398.0, 110.0, 475.0, 18.0, 3.0, 144.0, 402.0, 216.0, 299.0, 416.0, 453.0, 356.0, 32.0, 66.0, 111.0, 275.0, 189.0, 243.0, 210.0, 127.0, 294.0, 335.0, 394.0, 224.0, 292.0, 38.0, 300.0, 135.0, 478.0, 174.0, 108.0, 14.0, 141.0, 183.0, 471.0, 251.0, 466.0, 152.0, 492.0, 207.0, 83.0, 414.0, 154.0, 228.0, 410.0, 0.0, 73.0, 412.0, 205.0, 443.0, 124.0, 23.0, 12.0, 226.0, 489.0, 389.0, 342.0, 107.0, 193.0, 491.0, 192.0, 181.0, 467.0, 417.0, 413.0, 291.0, 182.0, 75.0, 40.0, 43.0, 429.0, 163.0, 171.0], "coefficients": {"_type": "table-file", "sha256": "e7bfaa3b5be1028eb991589a882ab949c9bf4d1057bf378139473d58fedcbf40", "size": 2852, "artifact_path": "wandb-client-artifact://rwf5mfo53ni4nayypc36w3cp76ggd4cilohzvpp4e55fvyvqt7hubj72mrk4qpoot9pseuf3nqwk2xy0c5lp5uhl1wpmq8q9cu9qtglbsyisaqldwgwl2u1v29elvxf2:latest/coefficients.table.json", "_latest_artifact_path": "wandb-client-artifact://rwf5mfo53ni4nayypc36w3cp76ggd4cilohzvpp4e55fvyvqt7hubj72mrk4qpoot9pseuf3nqwk2xy0c5lp5uhl1wpmq8q9cu9qtglbsyisaqldwgwl2u1v29elvxf2:latest/coefficients.table.json", "path": "media/table/coefficients_2000_e7bfaa3b5be1028eb991.table.json", "ncols": 2, "nrows": 100}, "_wandb": {"runtime": 942}}