{"train loss:": 8115.266602806369, "_timestamp": 1658460253, "_runtime": 65, "_step": 1431, "validation loss:": 7786.372288907741}