{"train loss:": 1140.3501384641531, "_timestamp": 1658460174, "_runtime": 30, "_step": 1407, "validation loss:": 3085.055828388902}