{"train loss:": 316617.2589185056, "_timestamp": 1658179717, "_runtime": 10, "_step": 35, "validation loss:": 310447.89609718136}