{"train loss:": 5692.606083773827, "_timestamp": 1658216411, "_runtime": 10, "_step": 701, "validation loss:": 41372.67237875185}