{"train loss:": 600.3615837908801, "_timestamp": 1658363964, "_runtime": 17, "_step": 1401, "validation loss:": 3310.984671159966, "_wandb": {"runtime": 18}}