{"train loss:": 84250.65377305659, "_timestamp": 1658373489, "_runtime": 2, "_step": 3, "validation loss:": 83016.7371619825, "_wandb": {"runtime": 7}}