{"train loss:": 84255.57467547078, "_timestamp": 1658376180, "_runtime": 2, "_step": 3, "validation loss:": 82988.88132894113, "_wandb": {"runtime": 7}}