{"train loss:": 84059.18671882302, "_timestamp": 1658351140, "_runtime": 14, "_step": 11, "validation loss:": 14967.375411464076}