{"train loss:": 84283.84202351968, "_timestamp": 1658374221, "_runtime": 2, "_step": 3, "validation loss:": 83061.71087583527, "_wandb": {"runtime": 7}}