{"train loss:": 84342.06380928196, "_timestamp": 1658373714, "_runtime": 1, "_step": 3, "validation loss:": 83060.04515587083, "_wandb": {"runtime": 7}}