{"train loss:": 917.6010512869094, "_timestamp": 1658352353, "_runtime": 928, "_step": 2000, "validation loss:": 3165.935672099512, "output:": [258.25604248046875, 369.1220397949219, 215.8475341796875, 217.54542541503906, 380.6291809082031, 358.38555908203125, 149.7793731689453, 74.02250671386719, 115.4710922241211, 118.16107177734375, 362.5372314453125, 297.9441223144531, 279.8108215332031, 375.67315673828125, 213.20245361328125, 219.16285705566406, 438.9026794433594, 355.8829650878906, 439.5541687011719, 391.29400634765625, 94.47230529785156, 402.8431396484375, 174.83541870117188, 345.8255615234375, 185.69049072265625, 74.02250671386719, 388.8317565917969, 377.3213195800781, 159.06796264648438, 229.5231475830078, 74.02250671386719, 84.7349853515625, 151.49913024902344, 134.6031036376953, 201.26766967773438, 129.17294311523438, 99.16191101074219, 410.9137268066406, 196.68948364257812, 310.5887145996094, 95.07813262939453, 330.533447265625, 331.38751220703125, 163.3319091796875, 78.18952178955078, 292.5082092285156, 184.7841796875, 437.5778503417969, 282.522216796875, 168.57542419433594, 77.19009399414062, 378.97686767578125, 198.51800537109375, 231.17599487304688, 77.93911743164062, 74.02250671386719, 74.02250671386719, 75.08975982666016, 119.51111602783203, 273.5514831542969, 280.7106018066406, 176.63223266601562, 96.25733184814453, 117.47639465332031, 272.6604309082031, 411.70697021484375, 76.40463256835938, 78.11764526367188, 165.93870544433594, 320.2620544433594, 139.56517028808594, 429.8916015625, 424.76385498046875, 142.35940551757812, 302.47821044921875, 426.9735107421875, 182.06430053710938, 127.06219482421875, 136.20556640625, 116.09852600097656, 77.96257781982422, 421.0315856933594, 74.11336517333984, 301.5726013183594, 378.1489562988281, 318.54296875, 427.7059631347656, 155.75912475585938, 381.4530334472656, 365.8352966308594, 275.3343811035156, 175.73101806640625, 421.78533935546875, 93.298583984375, 236.2433624267578, 206.83694458007812, 312.3734130859375, 88.67242431640625, 214.09312438964844, 77.718994140625], "label:": [275.0, 402.0, 226.0, 228.0, 416.0, 389.0, 152.0, 0.0, 107.0, 111.0, 394.0, 319.0, 299.0, 410.0, 223.0, 230.0, 491.0, 386.0, 492.0, 429.0, 75.0, 443.0, 181.0, 374.0, 193.0, 2.0, 426.0, 412.0, 163.0, 243.0, 6.0, 59.0, 154.0, 135.0, 210.0, 127.0, 83.0, 453.0, 205.0, 333.0, 76.0, 356.0, 357.0, 168.0, 43.0, 313.0, 192.0, 489.0, 302.0, 174.0, 32.0, 414.0, 207.0, 245.0, 39.0, 3.0, 12.0, 18.0, 113.0, 292.0, 300.0, 183.0, 78.0, 110.0, 291.0, 454.0, 23.0, 40.0, 171.0, 344.0, 141.0, 478.0, 471.0, 144.0, 324.0, 474.0, 189.0, 124.0, 137.0, 108.0, 44.0, 466.0, 14.0, 323.0, 413.0, 342.0, 475.0, 159.0, 417.0, 398.0, 294.0, 182.0, 467.0, 73.0, 251.0, 216.0, 335.0, 66.0, 224.0, 38.0], "coefficinets": {"_type": "table-file", "sha256": "53c36e8262f2f859e04cbd44e952c572a7e28a71e20d1081ca3eb85372ffe1e4", "size": 2840, "artifact_path": "wandb-client-artifact://192v5hoga6zlde6nmsp5c3ga8nkj710vbvz0zr404bq2kqukwusue41hjnkbb2xxsfqg3hzh7kon631hjosr8gcbg65z1wub2t5ct24ga7lh1ef0p0d9rpcj28i2wkrp:latest/coefficinets.table.json", "_latest_artifact_path": "wandb-client-artifact://192v5hoga6zlde6nmsp5c3ga8nkj710vbvz0zr404bq2kqukwusue41hjnkbb2xxsfqg3hzh7kon631hjosr8gcbg65z1wub2t5ct24ga7lh1ef0p0d9rpcj28i2wkrp:latest/coefficinets.table.json", "path": "media/table/coefficinets_2000_53c36e8262f2f859e04c.table.json", "ncols": 2, "nrows": 100}, "_wandb": {"runtime": 931}}