{"train loss:": 84281.77821445116, "_timestamp": 1658374521, "_runtime": 2, "_step": 3, "validation loss:": 83049.63858256456, "_wandb": {"runtime": 6}}