{"train loss:": 84277.51241704154, "_timestamp": 1658373633, "_runtime": 2, "_step": 3, "validation loss:": 82966.96123962892, "_wandb": {"runtime": 7}}