{"train loss:": 305547.1064423009, "_timestamp": 1658179819, "_runtime": 12, "_step": 45, "validation loss:": 286216.6006495756}