{"train loss:": 15084.333531530589, "_timestamp": 1658258688, "_runtime": 9188, "_step": 2000, "validation loss:": 15444.164708930195, "output:": [0.0373719222843647, 0.010210515931248665, 0.1655208021402359, 0.11475538462400436, 0.014765665866434574, 0.1257891207933426, 0.25413909554481506, 0.02131485566496849, 0.05440505966544151, 0.42854756116867065, 0.4146171808242798, 0.09319629520177841, 0.10316115617752075, 0.08148837089538574, 0.09220211952924728, 0.20050929486751556, 0.14858192205429077, 0.3000626862049103, 0.08995664864778519, 0.47628289461135864, 0.056853629648685455, 0.11199373006820679, 0.16192787885665894, 0.18823350965976715, 0.41772282123565674, 0.40741875767707825, 0.19837991893291473, 0.17341338098049164, 0.057711806148290634, 0.40573081374168396, 0.01948678493499756, 0.2688129246234894, 0.13117344677448273, 0.40829694271087646, 0.02700016461312771, 0.06566274911165237, 0.07834850996732712, 0.018927717581391335, 0.11961598694324493, 0.09114766120910645, 0.3216613829135895, 0.49531763792037964, 0.01459893025457859, 0.011899827979505062, 0.09369829297065735, 0.012022321112453938, 0.41875505447387695, 0.02234458550810814, 0.12032043933868408, 0.19222015142440796, 0.1126718521118164, 0.416264146566391, 0.02214294672012329, 0.04915965721011162, 0.49348318576812744, 0.12844082713127136, 0.10444965958595276, 0.4107268452644348, 0.021526740863919258, 0.02194015309214592, 0.01048822421580553, 0.11892349272966385, 0.03002927638590336, 0.011552016250789165, 0.15924282371997833, 0.04085702821612358, 0.037907931953668594, 0.0825120210647583, 0.01283997856080532, 0.03394445776939392, 0.2778545618057251, 0.012959797866642475, 0.02755770832300186, 0.058126408606767654, 0.02274446375668049, 0.42101338505744934, 0.15071851015090942, 0.0466417521238327, 0.034188032150268555, 0.05364147201180458, 0.1708621382713318, 0.0445227324962616, 0.04013742133975029, 0.02527131512761116, 0.04495123028755188, 0.19425225257873535, 0.135946124792099, 0.02439899370074272, 0.27086979150772095, 0.16455316543579102, 0.10121550410985947, 0.010301019996404648, 0.0975654199719429, 0.01237613894045353, 0.5071370601654053, 0.14220595359802246, 0.016430990770459175, 0.2648043632507324, 0.026071680709719658, 0.05477989464998245], "label:": [344.0, 492.0, 135.0, 189.0, 453.0, 174.0, 83.0, 417.0, 300.0, 12.0, 40.0, 224.0, 207.0, 245.0, 226.0, 107.0, 154.0, 66.0, 230.0, 6.0, 294.0, 193.0, 141.0, 113.0, 38.0, 23.0, 108.0, 124.0, 292.0, 44.0, 426.0, 76.0, 168.0, 43.0, 389.0, 275.0, 251.0, 429.0, 182.0, 228.0, 59.0, 3.0, 454.0, 475.0, 223.0, 474.0, 14.0, 412.0, 181.0, 111.0, 192.0, 39.0, 413.0, 313.0, 2.0, 171.0, 205.0, 18.0, 416.0, 414.0, 489.0, 183.0, 374.0, 478.0, 144.0, 333.0, 342.0, 243.0, 467.0, 357.0, 73.0, 466.0, 386.0, 291.0, 410.0, 32.0, 152.0, 319.0, 356.0, 302.0, 127.0, 324.0, 335.0, 398.0, 323.0, 110.0, 163.0, 402.0, 75.0, 137.0, 210.0, 491.0, 216.0, 471.0, 0.0, 159.0, 443.0, 78.0, 394.0, 299.0], "coefficinets": {"_type": "table-file", "sha256": "27bba42f8c916a5f3c940382f43dfdfbb4e97305f74c743d8366a190760ca09c", "size": 3018, "artifact_path": "wandb-client-artifact://c3t6bjb4wue7vyl7ej3p7ldxtbzwiuzhsj57f6dr02v8nmynj2c3ube1l6uiiruiwrr0buahraes7t6j67oj9joamufia6tck9wv5h4aoz0tntojbip1xwbkblihjbqu:latest/coefficinets.table.json", "_latest_artifact_path": "wandb-client-artifact://c3t6bjb4wue7vyl7ej3p7ldxtbzwiuzhsj57f6dr02v8nmynj2c3ube1l6uiiruiwrr0buahraes7t6j67oj9joamufia6tck9wv5h4aoz0tntojbip1xwbkblihjbqu:latest/coefficinets.table.json", "path": "media/table/coefficinets_2000_27bba42f8c916a5f3c94.table.json", "ncols": 2, "nrows": 100}, "_wandb": {"runtime": 9190}}