{"train loss:": 980.645564487536, "_timestamp": 1658372644, "_runtime": 8, "_step": 573, "validation loss:": 9099.107841764318}