{"train loss:": 75838.83786215323, "_timestamp": 1658876952, "_runtime": 4, "_step": 75, "validation loss:": 62783.87246040166}