{"train loss:": 84287.02292274612, "_timestamp": 1658374486, "_runtime": 2, "_step": 3, "validation loss:": 83020.58995811669, "_wandb": {"runtime": 7}}