{"train loss:": 435.46042972762126, "_timestamp": 1658359875, "_runtime": 74, "_step": 1457, "validation loss:": 1911.6579213754492}