{"train loss:": 84315.33591444259, "_timestamp": 1658376586, "_runtime": 2, "_step": 3, "validation loss:": 83013.68072933015, "_wandb": {"runtime": 7}}