{"train loss:": 79024.21351706704, "_timestamp": 1658455459, "_runtime": 70, "_step": 63, "validation loss:": 73563.82096723624}