{"train loss:": 84326.82793854001, "_timestamp": 1658374602, "_runtime": 2, "_step": 3, "validation loss:": 83078.66726627348, "_wandb": {"runtime": 7}}