{"train loss:": 19347.729434678782, "_timestamp": 1658356090, "_runtime": 4, "_step": 200, "validation loss:": 47576.44907090376, "output:": [41.90768051147461, 240.5120849609375, 93.80813598632812, 179.42044067382812, 60.59113311767578, 329.8644104003906, 288.9939880371094, 297.50653076171875, 262.6174621582031, 215.05577087402344, 266.01983642578125, 315.3858947753906, 3.3146512508392334, 110.65425872802734, 101.0256118774414, 330.7162170410156, 309.4254455566406, 163.9576873779297, 106.64112854003906, 74.59029388427734, 10.07770824432373, 66.44625091552734, 26.752073287963867, 3.317654848098755, 3.3146512508392334, 23.090822219848633, 3.3146512508392334, 247.31271362304688, 3.3146512508392334, 96.2128677368164, 7.834951877593994, 3.3146512508392334, 52.57942199707031, 33.50398254394531, 168.83432006835938, 243.0621795654297, 187.58717346191406, 170.4612579345703, 184.31939697265625, 3.3146512508392334, 57.67301940917969, 82.107666015625, 215.9021759033203, 35.35981750488281, 3.3146512508392334, 162.3326416015625, 3.3146512508392334, 23.70059585571289, 298.35784912109375, 318.79205322265625, 148.543212890625, 40.52463912963867, 263.468017578125, 274.52655029296875, 3.3146512508392334, 73.84288024902344, 64.2470474243164, 82.86488342285156, 254.11402893066406, 122.70819854736328, 109.04837036132812, 161.5201873779297, 44.71206283569336, 5.646200180053711, 25.53120231628418, 308.5740051269531, 6.511226654052734, 312.8313903808594, 188.40487670898438, 24.920936584472656, 3.3146512508392334, 3.3146512508392334, 328.16082763671875, 129.14166259765625, 250.7133026123047, 203.26138305664062, 260.91650390625, 112.2614517211914, 6.951779365539551, 197.4396209716797, 195.7892608642578, 3.3146512508392334, 277.0789794921875, 204.9361572265625, 124.31547546386719, 107.44355010986328, 92.20911407470703, 264.3185729980469, 3.3146512508392334, 54.0325927734375, 168.021240234375, 75.33843231201172, 79.84370422363281, 68.64929962158203, 266.8704528808594, 230.31712341308594, 3.731231212615967, 3.3146512508392334, 316.2374267578125, 46.83199691772461], "label:": [137.0, 386.0, 207.0, 313.0, 163.0, 491.0, 443.0, 453.0, 412.0, 356.0, 416.0, 474.0, 32.0, 228.0, 216.0, 492.0, 467.0, 294.0, 223.0, 182.0, 83.0, 171.0, 113.0, 59.0, 40.0, 107.0, 12.0, 394.0, 38.0, 210.0, 78.0, 43.0, 152.0, 124.0, 300.0, 389.0, 323.0, 302.0, 319.0, 23.0, 159.0, 192.0, 357.0, 127.0, 2.0, 292.0, 0.0, 108.0, 454.0, 478.0, 275.0, 135.0, 413.0, 426.0, 6.0, 181.0, 168.0, 193.0, 402.0, 243.0, 226.0, 291.0, 141.0, 73.0, 111.0, 466.0, 75.0, 471.0, 324.0, 110.0, 44.0, 18.0, 489.0, 251.0, 398.0, 342.0, 410.0, 230.0, 76.0, 335.0, 333.0, 39.0, 429.0, 344.0, 245.0, 224.0, 205.0, 414.0, 14.0, 154.0, 299.0, 183.0, 189.0, 174.0, 417.0, 374.0, 66.0, 3.0, 475.0, 144.0], "coefficients": {"_type": "table-file", "sha256": "6d24b145cb8acab57343309d98fc63032cfb7136835c4e8de43c4fc3e0224449", "size": 2853, "artifact_path": "wandb-client-artifact://5fh42nx4msfql9rc7znv8bxvqyg91xv7kwjukfoxvt6w1smxgij7x4ry5n2gfe4vo22zfydm0fwer1ztr5iwo3tkfh4qetnru3la6vm4xbc2dldu9gmje337rrkc5754:latest/coefficients.table.json", "_latest_artifact_path": "wandb-client-artifact://5fh42nx4msfql9rc7znv8bxvqyg91xv7kwjukfoxvt6w1smxgij7x4ry5n2gfe4vo22zfydm0fwer1ztr5iwo3tkfh4qetnru3la6vm4xbc2dldu9gmje337rrkc5754:latest/coefficients.table.json", "path": "media/table/coefficients_200_6d24b145cb8acab57343.table.json", "ncols": 2, "nrows": 100}, "_wandb": {"runtime": 6}}