{"train loss:": 84395.7542400917, "_timestamp": 1658374951, "_runtime": 2, "_step": 3, "validation loss:": 83145.79619549769, "_wandb": {"runtime": 7}}