{"train loss:": 84259.4374216342, "_timestamp": 1658375481, "_runtime": 2, "_step": 3, "validation loss:": 82994.13073100963, "_wandb": {"runtime": 7}}