{"train loss:": 84299.86306702365, "_timestamp": 1658375444, "_runtime": 2, "_step": 3, "validation loss:": 83052.46564658263, "_wandb": {"runtime": 7}}