{"train loss:": 194.48045706972312, "_timestamp": 1658462396, "_runtime": 938, "_step": 2000, "validation loss:": 1350.659464965823, "output:": [191.49977111816406, 136.23043823242188, 105.0763168334961, 90.04973602294922, 258.43658447265625, 170.35293579101562, 357.657958984375, 472.11700439453125, 88.17230987548828, 87.52281951904297, 366.1509704589844, 388.374755859375, 105.77725982666016, 125.80319213867188, 336.1446533203125, 382.1397705078125, 295.3808288574219, 521.3314819335938, 478.0412292480469, 342.0171813964844, 255.4615936279297, 110.92366790771484, 524.5335083007812, 205.3865203857422, 230.45419311523438, 94.84083557128906, 435.3976745605469, 87.04718780517578, 88.08850860595703, 127.68660736083984, 395.95379638671875, 105.97911834716797, 311.2604675292969, 322.52703857421875, 233.07106018066406, 214.618896484375, 87.093505859375, 361.2855224609375, 404.9468688964844, 425.96942138671875, 526.1424560546875, 218.91220092773438, 206.7202911376953, 527.7551879882812, 507.10614013671875, 252.53231811523438, 134.3829803466797, 272.354248046875, 150.0179443359375, 104.5114517211914, 447.755126953125, 273.3374938964844, 227.902099609375, 180.62554931640625, 100.02556610107422, 378.4306335449219, 182.24356079101562, 369.82672119140625, 87.10781860351562, 325.9059143066406, 368.59814453125, 298.4686279296875, 102.14420318603516, 354.02752685546875, 280.19207763671875, 176.36181640625, 105.91608428955078, 270.3868713378906, 88.3808364868164, 254.48434448242188, 118.935546875, 513.3994750976562, 312.36737060546875, 488.5642395019531, 200.68934631347656, 494.6850891113281, 165.8001251220703, 110.2168197631836, 344.4013671875, 169.47193908691406, 199.3406982421875, 208.02401733398438, 296.404052734375, 183.855712890625, 429.990966796875, 195.85394287109375, 453.369873046875, 379.6654052734375, 251.55299377441406, 88.3475341796875, 401.0865783691406, 94.60786437988281, 138.06640625, 105.60120391845703, 456.2010498046875, 94.32015228271484, 300.5540466308594, 128.628173828125, 306.9061279296875, 475.06939697265625], "label:": [197.0, 136.0, 96.0, 38.0, 281.0, 171.0, 373.0, 460.0, 25.0, 14.0, 380.0, 398.0, 83.0, 125.0, 355.0, 393.0, 318.0, 492.0, 464.0, 360.0, 278.0, 108.0, 494.0, 217.0, 251.0, 46.0, 434.0, 12.0, 24.0, 127.0, 404.0, 81.0, 333.0, 343.0, 254.0, 231.0, 20.0, 376.0, 411.0, 427.0, 495.0, 237.0, 219.0, 496.0, 483.0, 275.0, 134.0, 295.0, 150.0, 75.0, 443.0, 296.0, 248.0, 183.0, 68.0, 390.0, 185.0, 383.0, 17.0, 346.0, 382.0, 321.0, 71.0, 370.0, 303.0, 178.0, 78.0, 293.0, 33.0, 277.0, 118.0, 487.0, 334.0, 471.0, 210.0, 475.0, 166.0, 107.0, 362.0, 170.0, 208.0, 221.0, 319.0, 187.0, 430.0, 203.0, 447.0, 391.0, 274.0, 34.0, 408.0, 47.0, 138.0, 99.0, 449.0, 48.0, 323.0, 128.0, 329.0, 462.0], "coefficients": {"_type": "table-file", "sha256": "e7b2c95f2efe4831fe5f90eff31e76f022427a24f0edc438c0bcea0d608e3c9c", "size": 2832, "artifact_path": "wandb-client-artifact://nl3hu27t1t4ltpjdlkk1jh3azpqy1k4la15h07pvvev7x6kbxne15wct6xartt2mj5fv49crcwgrk19dqv5lc4sf5awz6ovvkqsy0wqk50cn226ku37cxfoxobpz7ket:latest/coefficients.table.json", "_latest_artifact_path": "wandb-client-artifact://nl3hu27t1t4ltpjdlkk1jh3azpqy1k4la15h07pvvev7x6kbxne15wct6xartt2mj5fv49crcwgrk19dqv5lc4sf5awz6ovvkqsy0wqk50cn226ku37cxfoxobpz7ket:latest/coefficients.table.json", "path": "media/table/coefficients_2000_e7b2c95f2efe4831fe5f.table.json", "ncols": 2, "nrows": 100}, "_wandb": {"runtime": 940}}