{"train loss:": 84302.52086577326, "_timestamp": 1658377167, "_runtime": 2, "_step": 3, "validation loss:": 83022.5162386, "_wandb": {"runtime": 7}}