{"train loss:": 84293.76148920604, "_timestamp": 1658376332, "_runtime": 2, "_step": 3, "validation loss:": 82976.29893812323, "_wandb": {"runtime": 7}}