{"train loss:": 92.4984206102584, "_timestamp": 1658460831, "_runtime": 48, "_step": 4000, "validation loss:": 417.69181643800846, "output:": [506.3607177734375, 305.52301025390625, 241.76559448242188, 136.0476837158203, 51.23150634765625, 25.701732635498047, 425.7744445800781, 223.15725708007812, 476.06781005859375, 270.4571838378906, 507.7144470214844, 21.611555099487305, 149.81333923339844, 365.0391845703125, 491.7234802246094, 350.0747375488281, 503.6666564941406, 371.5406799316406, 214.74400329589844, 464.5758972167969, 347.9632873535156, 83.43489837646484, 205.7167205810547, 358.5935363769531, 320.4571228027344, 109.08895111083984, 400.28314208984375, 134.21636962890625, 228.47158813476562, 94.3530502319336, 267.577392578125, 481.25604248046875, 128.9419708251953, 372.6243896484375, 448.3985290527344, 380.240966796875, 52.863956451416016, 304.5364685058594, 342.5653991699219, 164.9608917236328, 281.6778259277344, 244.638916015625, 94.89137268066406, 213.1217498779297, 30.609508514404297, 194.41510009765625, 49.61993408203125, 93.51111602783203, 199.90943908691406, 319.4424743652344, 497.0042419433594, 24.087921142578125, 290.535400390625, 118.50437927246094, 23.171125411987305, 264.66485595703125, 126.09223175048828, 181.68191528320312, 467.11322021484375, 403.6968078613281, 509.0723876953125, 462.0490417480469, 137.9309844970703, 395.77703857421875, 211.47962951660156, 422.2790832519531, 284.38031005859375, 31.327510833740234, 332.91790771484375, 185.2462921142578, 238.86277770996094, 315.42791748046875, 85.79008483886719, 170.02972412109375, 309.5062561035156, 283.4837646484375, 263.69659423828125, 266.6061706542969, 381.33575439453125, 307.5123291015625, 369.379638671875, 204.0697784423828, 445.9732971191406, 35.59418869018555, 22.298194885253906, 329.7589416503906, 361.7939453125, 128.0148162841797, 183.4488525390625, 169.03558349609375, 177.01071166992188, 389.0753173828125, 383.535400390625, 108.23444366455078, 90.0200424194336, 26.136241912841797, 441.15423583984375, 99.2540054321289, 101.20958709716797, 430.4639892578125], "label:": [494.0, 319.0, 251.0, 136.0, 47.0, 24.0, 430.0, 231.0, 471.0, 281.0, 495.0, 12.0, 150.0, 376.0, 483.0, 362.0, 492.0, 382.0, 221.0, 462.0, 360.0, 68.0, 210.0, 370.0, 334.0, 108.0, 408.0, 134.0, 237.0, 81.0, 278.0, 475.0, 128.0, 383.0, 449.0, 390.0, 48.0, 318.0, 355.0, 166.0, 293.0, 254.0, 83.0, 219.0, 33.0, 197.0, 46.0, 78.0, 203.0, 333.0, 487.0, 20.0, 303.0, 118.0, 17.0, 275.0, 125.0, 183.0, 464.0, 411.0, 496.0, 460.0, 138.0, 404.0, 217.0, 427.0, 296.0, 34.0, 346.0, 187.0, 248.0, 329.0, 71.0, 171.0, 323.0, 295.0, 274.0, 277.0, 391.0, 321.0, 380.0, 208.0, 447.0, 38.0, 14.0, 343.0, 373.0, 127.0, 185.0, 170.0, 178.0, 398.0, 393.0, 107.0, 75.0, 25.0, 443.0, 96.0, 99.0, 434.0], "coefficients": {"_type": "table-file", "sha256": "ef09abf585c862e486ce804d7cc23dba827a6858e67d8aa942db8f1a753ecda3", "size": 2857, "artifact_path": "wandb-client-artifact://c3nh8o8dbe6p1v6e5tqoddm8phkkkkb45ssw0dzw3ik5ich4kyumby1ffrk0cofk9pqnskig0ogfowxaz9vcqp3ibgygsak7o99boub7sunpdk8fmowb0wkypayeev1k:latest/coefficients.table.json", "_latest_artifact_path": "wandb-client-artifact://c3nh8o8dbe6p1v6e5tqoddm8phkkkkb45ssw0dzw3ik5ich4kyumby1ffrk0cofk9pqnskig0ogfowxaz9vcqp3ibgygsak7o99boub7sunpdk8fmowb0wkypayeev1k:latest/coefficients.table.json", "path": "media/table/coefficients_4000_ef09abf585c862e486ce.table.json", "ncols": 2, "nrows": 100}, "_wandb": {"runtime": 50}}