{"train loss:": 2582.9518336147985, "_timestamp": 1658216506, "_runtime": 28, "_step": 2015, "validation loss:": 6992.078098452915, "output:": [413.4221496582031, 700.8941040039062, 351.05621337890625, 885.70458984375, 52.15821075439453, 683.39013671875, 851.3585815429688, 936.4248657226562, 65.17859649658203, 181.05702209472656, 318.6348876953125, 924.4109497070312, 310.71905517578125, 517.6768188476562, 402.5183410644531, 755.2877197265625, 743.1878051757812, 335.95184326171875, 681.633056640625, 937.9114379882812, 137.10035705566406, 525.6786499023438, 670.2332153320312, 499.7442626953125, 626.8270263671875, 131.9342498779297, 115.43170166015625, 169.0120391845703, 444.06781005859375, 363.77264404296875, 302.8875732421875, 624.0784912109375, 828.85107421875, 820.3011474609375, 526.5460205078125, 568.7351684570312, 133.20367431640625, 931.1887817382812, 396.661376953125, 771.5955810546875, 921.3836059570312, 780.12646484375, 123.00685119628906, 702.622802734375, 446.2009582519531, 944.5327758789062, 587.8824462890625, 213.4084014892578, 301.7646789550781, 209.65579223632812, null, null, null, null, null, null, null, null, null, null, null, null, null, null, null, null, null, null, null, null, null, null, null, null, null, null, null, null, null, null, null, null, null, null, null, null, null, null, null, null, null, null, null, null, null, null, null, null, null, null], "label:": [378.0, 692.0, 315.0, 911.0, 10.0, 672.0, 868.0, 977.0, 82.0, 178.0, 286.0, 961.0, 279.0, 483.0, 367.0, 755.0, 741.0, 301.0, 670.0, 979.0, 149.0, 492.0, 657.0, 463.0, 608.0, 145.0, 132.0, 170.0, 408.0, 327.0, 272.0, 605.0, 841.0, 831.0, 493.0, 542.0, 146.0, 970.0, 361.0, 774.0, 957.0, 784.0, 138.0, 694.0, 410.0, 988.0, 564.0, 201.0, 271.0, 198.0, null, null, null, null, null, null, null, null, null, null, null, null, null, null, null, null, null, null, null, null, null, null, null, null, null, null, null, null, null, null, null, null, null, null, null, null, null, null, null, null, null, null, null, null, null, null, null, null, null, null], "coefficinets": {"_type": "table-file", "sha256": "62c4fbcca15eee1e4d62857d3eb2a5cdfee63bbc6af700829bdd606d4ae6b638", "size": 2146, "artifact_path": "wandb-client-artifact://1128ncrb9hvdene4wnk6ok6ok39ymxo0e8nlvx4hmxze40ri6gmy2agxa2bok3g9t5ukjw7q537722pi19wzqn3l84o9hbon85xmetlgdhhon03jg6e9zgui6keamm6s:latest/coefficinets.table.json", "_latest_artifact_path": "wandb-client-artifact://1128ncrb9hvdene4wnk6ok6ok39ymxo0e8nlvx4hmxze40ri6gmy2agxa2bok3g9t5ukjw7q537722pi19wzqn3l84o9hbon85xmetlgdhhon03jg6e9zgui6keamm6s:latest/coefficinets.table.json", "path": "media/table/coefficinets_2015_62c4fbcca15eee1e4d62.table.json", "ncols": 2, "nrows": 100}, "_wandb": {"runtime": 30}}