{"train loss:": 84279.52066158147, "_timestamp": 1658372904, "_runtime": 1, "_step": 3, "validation loss:": 82981.49019529046, "_wandb": {"runtime": 6}}