{"train loss:": 84324.21807189619, "_timestamp": 1658375238, "_runtime": 2, "_step": 3, "validation loss:": 83053.52122380347, "_wandb": {"runtime": 7}}