{"train loss:": 84190.62304183126, "_timestamp": 1658375949, "_runtime": 2, "_step": 3, "validation loss:": 82905.93136991172, "_wandb": {"runtime": 7}}