{"train loss:": 263887.2771524178, "_timestamp": 1658179287, "_runtime": 16, "_step": 61, "validation loss:": 267610.3174385338}