{"train loss:": 3162.533776976221, "_timestamp": 1658455487, "_runtime": 5, "_step": 271, "validation loss:": 38829.40897643617}