{"train loss:": 84202.27351664167, "_timestamp": 1658373759, "_runtime": 2, "_step": 3, "validation loss:": 82977.27625323848, "_wandb": {"runtime": 7}}