{"train loss:": 15246.095511169538, "_timestamp": 1658218020, "_runtime": 83, "_step": 17, "validation loss:": 15200.255996877173}